MRGID,preferredGazetteerName,placeType,gazetteerSource,status,accepted,latitude,longitude,minLatitude,minLongitude,maxLatitude,maxLongitude,boundingBoxWKT,geometryAvailable,geometryCount,geometryURLs,recordURL
36262,Ambracian Gulf,Gulf,Wikipedia,standard,36262,38.9725,20.969167,,,,,,false,0,,https://www.marineregions.org/mrgid/36262
23501,Amundsen Gulf,Gulf,Canadian Geographical Names Database (CGND),standard,23501,71.000372,-124.002765,,,,,,true,1,https://www.marineregions.org/mrgid/23501/geometries?source=195&attributeValue=LABCK,https://www.marineregions.org/mrgid/23501
4311,Anadyrskiy Zaliv,Gulf,GeoNames,standard,4311,64,-178,,,,,,true,1,https://www.marineregions.org/mrgid/4311/geometries?source=169&attributeValue=4311,https://www.marineregions.org/mrgid/4311
4352,Berau Bay,Gulf,The SeaVoX Salt and Fresh Water Body Gazetteer,standard,4352,-2.39611111111111,132.9752777777778,-2.8121751713033,131.94743682674,-2.0745226609664,133.99929650097,"POLYGON ((131.94743682674 -2.8121751713033, 133.99929650097 -2.8121751713033, 133.99929650097 -2.0745226609664, 131.94743682674 -2.0745226609664, 131.94743682674 -2.8121751713033))",false,0,,https://www.marineregions.org/mrgid/4352
15590,Berdyan bay,Gulf,GIS meteorology of Azov and Black Seas author Vladimir Belokopytov MhI NAS Ukraine email:belo(at)vip.sevsky.net,standard,15590,46.414,36.453,,,,,,false,0,,https://www.marineregions.org/mrgid/15590
3880,Bou Grara Gulf,Gulf,"(2001). The Times comprehensive atlas of the world. 10th ed. Times Books: London. ISBN 0-7230-0792-6. 67, 220, 124 plates pp.",standard,3880,33.598333333333336,10.824444444444444,,,,,,false,0,,https://www.marineregions.org/mrgid/3880
3812,Bourgas Bay,Gulf,ASFA thesaurus,standard,3812,42.01666667,27.95,,,,,,false,0,,https://www.marineregions.org/mrgid/3812
2360,Cadiz Gulf,Gulf,ASFA thesaurus,standard,2360,36.7,-6.966666666666667,35.94,-5.97,36.97,-7.91,"POLYGON ((-5.97 35.94, -7.91 35.94, -7.91 36.97, -5.97 36.97, -5.97 35.94))",false,0,,https://www.marineregions.org/mrgid/2360
19231,"Cariaco, Golfo de",Gulf,IMIS,standard,19231,10.5,-64,,,,,,false,0,,https://www.marineregions.org/mrgid/19231
23498,Coronation Gulf,Gulf,Canadian Geographical Names Database (CGND),standard,23498,68.133333,-112,,,,,,true,1,https://www.marineregions.org/mrgid/23498/geometries?source=195&attributeValue=OADVC,https://www.marineregions.org/mrgid/23498
15001,Dzharylgach bay,Gulf,"(2001). The Times comprehensive atlas of the world. 10th ed. Times Books: London. ISBN 0-7230-0792-6. 67, 220, 124 plates pp.",standard,15001,46.0833333,32.75,,,,,,false,0,,https://www.marineregions.org/mrgid/15001
15630,Dzharylhats'ka gulf,Gulf,GIS meteorology of Azov and Black Seas author Vladimir Belokopytov MhI NAS Ukraine email:belo(at)vip.sevsky.net,standard,15630,46.04,32.405,,,,,,false,0,,https://www.marineregions.org/mrgid/15630
3824,Eastern Karkinitsky Bay,Gulf,BIOMARE,standard,3824,45.9166667,33.5833333,,,,,,false,0,,https://www.marineregions.org/mrgid/3824
15643,Egorlyczka gulf,Gulf,GIS meteorology of Azov and Black Seas author Vladimir Belokopytov MhI NAS Ukraine email:belo(at)vip.sevsky.net,standard,15643,46.24,31.48,,,,,,false,0,,https://www.marineregions.org/mrgid/15643
15645,Ejska gulf,Gulf,GIS meteorology of Azov and Black Seas author Vladimir Belokopytov MhI NAS Ukraine email:belo(at)vip.sevsky.net,standard,15645,46.411,38.212,,,,,,false,0,,https://www.marineregions.org/mrgid/15645
12403,Erebus and Terror Gulf,Gulf,SCAR Composite Gazetteer,standard,12403,-63.9166667,-56.6666667,,,,,,false,0,,https://www.marineregions.org/mrgid/12403
3679,Euviokos Kolpos,Gulf,"(2001). The Times comprehensive atlas of the world. 10th ed. Times Books: London. ISBN 0-7230-0792-6. 67, 220, 124 plates pp.",standard,3679,38.48972222222222,23.597777777777775,,,,,,false,0,,https://www.marineregions.org/mrgid/3679
36302,Exmouth Gulf,Gulf,Marrow M.P. (2019). Seven new species of Vexillum (Gastropoda: Costellariidae) from Western Australia. Acta Conchyliorum. 19: 77-94,standard,36302,-21.75,114.3667,,,,,,false,0,,https://www.marineregions.org/mrgid/36302
14979,Feodosiys'ka Zatoka,Gulf,"(2001). The Times comprehensive atlas of the world. 10th ed. Times Books: London. ISBN 0-7230-0792-6. 67, 220, 124 plates pp.",standard,14979,45.0833333,35.5833333,,,,,,false,0,,https://www.marineregions.org/mrgid/14979
18554,Fonseca Gulf,Gulf,,deleted,21633,,,,,,,,false,0,,https://www.marineregions.org/mrgid/18554
3526,Genoa Gulf,Gulf,ASFA thesaurus,standard,3526,43.90083333333333,9.125277777777779,,,,,,true,1,https://www.marineregions.org/mrgid/3526/geometries?source=169&attributeValue=3526,https://www.marineregions.org/mrgid/3526
3415,Golf de Sant Jordi,Gulf,"(2001). The Times comprehensive atlas of the world. 10th ed. Times Books: London. ISBN 0-7230-0792-6. 67, 220, 124 plates pp.",standard,3415,40.861111111111114,0.8138888888888889,,,,,,false,0,,https://www.marineregions.org/mrgid/3415
17599,Golfe Normano-Breton,Gulf,Aphia,standard,17599,49,-2.33,,,,,,true,1,https://www.marineregions.org/mrgid/17599/geometries?source=169&attributeValue=17599,https://www.marineregions.org/mrgid/17599
3477,Golfe d'Aigues-Mortes,Gulf,"(2001). The Times comprehensive atlas of the world. 10th ed. Times Books: London. ISBN 0-7230-0792-6. 67, 220, 124 plates pp.",standard,3477,43.516666666666666,4.05,43.39,3.72,43.58,4.17,"POLYGON ((3.72 43.39, 4.17 43.39, 4.17 43.58, 3.72 43.58, 3.72 43.39))",false,0,,https://www.marineregions.org/mrgid/3477
65576,Golfe de Fos-sur-Mer,Gulf,"Aurélien SCHMITT, Mark HOEBEKE (2025). Toponymes marins et côtiers en France métropolitaine",altclass,65576,43.40259,4.8982,43.35514,4.78661,43.4862,4.97743,"POLYGON ((4.78661 43.35514, 4.97743 43.35514, 4.97743 43.4862, 4.78661 43.4862, 4.78661 43.35514))",true,1,https://www.marineregions.org/mrgid/65576/geometries?source=287&attributeValue=1da3197d-c44c-40bf-a380-e52b0d440cbb,https://www.marineregions.org/mrgid/65576
3879,Golfe de Gabès,Gulf,"(2001). The Times comprehensive atlas of the world. 10th ed. Times Books: London. ISBN 0-7230-0792-6. 67, 220, 124 plates pp.",standard,3879,34.065,10.36888888888889,,,,,,true,1,https://www.marineregions.org/mrgid/3879/geometries?source=169&attributeValue=3879,https://www.marineregions.org/mrgid/3879
20103,Golfe de Girolata,Gulf,Algologie (Ugent),standard,20103,42.3376,8.59494,,,,,,true,1,https://www.marineregions.org/mrgid/20103/geometries?source=169&attributeValue=20103,https://www.marineregions.org/mrgid/20103
3478,Golfe de Stes Maries,Gulf,"(2001). The Times comprehensive atlas of the world. 10th ed. Times Books: London. ISBN 0-7230-0792-6. 67, 220, 124 plates pp.",standard,3478,43.445277777777775,5.519444444444445,,,,,,false,0,,https://www.marineregions.org/mrgid/3478
14693,Golfe de Tadjoura,Gulf,Aphia,standard,14693,11.6642,43.079,11.54,42.68,11.8,43.06,"POLYGON ((42.68 11.54, 43.06 11.54, 43.06 11.8, 42.68 11.8, 42.68 11.54))",false,0,,https://www.marineregions.org/mrgid/14693
3481,Golfe du Fos,Gulf,"(2001). The Times comprehensive atlas of the world. 10th ed. Times Books: London. ISBN 0-7230-0792-6. 67, 220, 124 plates pp.",standard,3481,43.41027777777778,4.926666666666667,,,,,,false,0,,https://www.marineregions.org/mrgid/3481
3452,Golfe du Lion,Gulf,Wikipedia,standard,3452,43,4,,,,,,true,1,https://www.marineregions.org/mrgid/3452/geometries?source=19&attributeValue=61931522,https://www.marineregions.org/mrgid/3452
65539,Golfe du Morbihan,Gulf,"Aurélien SCHMITT, Mark HOEBEKE (2025). Toponymes marins et côtiers en France métropolitaine",altclass,65539,47.58618,-2.82313,47.53648,-2.99381,47.69695,-2.6855,"POLYGON ((-2.99381 47.53648, -2.6855 47.53648, -2.6855 47.69695, -2.99381 47.69695, -2.99381 47.53648))",true,1,https://www.marineregions.org/mrgid/65539/geometries?source=287&attributeValue=54e71734-748e-4ccf-9a55-a097cd0627a6,https://www.marineregions.org/mrgid/65539
64252,Golfo Corcovado,Gulf,GeoNames,standard,64252,-43.33435,-73.42154,,,,,,false,0,,https://www.marineregions.org/mrgid/64252
4328,Golfo San Jorge,Gulf,Wikipedia,standard,4328,-46.0591666666667,-66.4169444444445,,,,,,true,1,https://www.marineregions.org/mrgid/4328/geometries?source=19&attributeValue=1310768,https://www.marineregions.org/mrgid/4328
4327,Golfo San Matias,Gulf,Wikipedia,standard,4327,-41.5580555555556,-64.3727777777778,,,,,,true,1,https://www.marineregions.org/mrgid/4327/geometries?source=19&attributeValue=8519759,https://www.marineregions.org/mrgid/4327
3390,Golfo de Almeria,Gulf,"(2001). The Times comprehensive atlas of the world. 10th ed. Times Books: London. ISBN 0-7230-0792-6. 67, 220, 124 plates pp.",standard,3390,36.76833333333333,-2.41916666666667,36.7,-2.19,36.83,-2.63,"POLYGON ((-2.19 36.7, -2.63 36.7, -2.63 36.83, -2.19 36.83, -2.19 36.7))",false,0,,https://www.marineregions.org/mrgid/3390
8901,Golfo de Batabano,Gulf,Les Watling,standard,8901,22.2229,-82.7301,,,,,,true,1,https://www.marineregions.org/mrgid/8901/geometries?source=169&attributeValue=8901,https://www.marineregions.org/mrgid/8901
32452,Golfo de Morrosquillo,Gulf,GeoNames,standard,32452,9.58333,-75.66667,,,,,,false,0,,https://www.marineregions.org/mrgid/32452
21432,Golfo de Penas,Gulf,GeoNames,standard,21432,-47.36667,-74.83333,,,,,,true,1,https://www.marineregions.org/mrgid/21432/geometries?source=169&attributeValue=21432,https://www.marineregions.org/mrgid/21432
15138,Golfo de Roses,Gulf,Masdea,standard,15138,42.17,3.25,,,,,,true,1,https://www.marineregions.org/mrgid/15138/geometries?source=169&attributeValue=15138,https://www.marineregions.org/mrgid/15138
3401,Golfo de Valencia,Gulf,"(2001). The Times comprehensive atlas of the world. 10th ed. Times Books: London. ISBN 0-7230-0792-6. 67, 220, 124 plates pp.",standard,3401,39.79333333333333,0.21805555555555556,,,,,,true,1,https://www.marineregions.org/mrgid/3401/geometries?source=19&attributeValue=61735002,https://www.marineregions.org/mrgid/3401
3601,Golfo dell' Asinara,Gulf,ASFA thesaurus,standard,3601,40.886944444444445,8.500277777777777,,,,,,false,0,,https://www.marineregions.org/mrgid/3601
3599,Golfo di Cagliari,Gulf,"(2001). The Times comprehensive atlas of the world. 10th ed. Times Books: London. ISBN 0-7230-0792-6. 67, 220, 124 plates pp.",standard,3599,39.15138888888889,9.196111111111112,,,,,,true,1,https://www.marineregions.org/mrgid/3599/geometries?source=19&attributeValue=62259250,https://www.marineregions.org/mrgid/3599
3596,Golfo di Castellamare,Gulf,"(2001). The Times comprehensive atlas of the world. 10th ed. Times Books: London. ISBN 0-7230-0792-6. 67, 220, 124 plates pp.",standard,3596,38.07777777777778,12.938611111111111,,,,,,false,0,,https://www.marineregions.org/mrgid/3596
3588,Golfo di Catania,Gulf,"(2001). The Times comprehensive atlas of the world. 10th ed. Times Books: London. ISBN 0-7230-0792-6. 67, 220, 124 plates pp.",standard,3588,37.401944444444446,15.120000000000001,37.29,15.28,37.57,15.04,"POLYGON ((15.28 37.29, 15.04 37.29, 15.04 37.57, 15.28 37.57, 15.28 37.29))",false,0,,https://www.marineregions.org/mrgid/3588
3566,Golfo di Corigliano,Gulf,"(2001). The Times comprehensive atlas of the world. 10th ed. Times Books: London. ISBN 0-7230-0792-6. 67, 220, 124 plates pp.",standard,3566,39.73083333333334,16.58222222222222,,,,,,false,0,,https://www.marineregions.org/mrgid/3566
3555,Golfo di Gaeta,Gulf,"(2001). The Times comprehensive atlas of the world. 10th ed. Times Books: London. ISBN 0-7230-0792-6. 67, 220, 124 plates pp.",standard,3555,41.19277777777778,13.69888888888889,,,,,,false,0,,https://www.marineregions.org/mrgid/3555
3597,Golfo di Gela,Gulf,"(2001). The Times comprehensive atlas of the world. 10th ed. Times Books: London. ISBN 0-7230-0792-6. 67, 220, 124 plates pp.",standard,3597,36.99888888888889,14.224722222222223,,,,,,false,0,,https://www.marineregions.org/mrgid/3597
3564,Golfo di Gioia,Gulf,"(2001). The Times comprehensive atlas of the world. 10th ed. Times Books: London. ISBN 0-7230-0792-6. 67, 220, 124 plates pp.",standard,3564,38.53638888888889,15.902777777777779,,,,,,true,1,https://www.marineregions.org/mrgid/3564/geometries?source=19&attributeValue=62390361,https://www.marineregions.org/mrgid/3564
3606,Golfo di Manfredonia,Gulf,"(2001). The Times comprehensive atlas of the world. 10th ed. Times Books: London. ISBN 0-7230-0792-6. 67, 220, 124 plates pp.",standard,3606,41.53777777777778,15.96888888888889,,,,,,false,0,,https://www.marineregions.org/mrgid/3606
3558,Golfo di Napoli,Gulf,ASFA thesaurus,standard,3558,40.7,14.25,40.62,14.5,40.83,14.16,"POLYGON ((14.5 40.62, 14.16 40.62, 14.16 40.83, 14.5 40.83, 14.5 40.62))",false,0,,https://www.marineregions.org/mrgid/3558
3598,Golfo di Noto,Gulf,"(2001). The Times comprehensive atlas of the world. 10th ed. Times Books: London. ISBN 0-7230-0792-6. 67, 220, 124 plates pp.",standard,3598,36.89111111111111,15.175833333333333,,,,,,false,0,,https://www.marineregions.org/mrgid/3598
3600,Golfo di Orosei,Gulf,ASFA thesaurus,standard,3600,40.886944444444445,9.685833333333333,,,,,,true,1,https://www.marineregions.org/mrgid/3600/geometries?source=19&attributeValue=62128184,https://www.marineregions.org/mrgid/3600
3592,Golfo di Palermo,Gulf,ASFA thesaurus,standard,3592,38.11333333333334,13.421388888888888,,,,,,true,1,https://www.marineregions.org/mrgid/3592/geometries?source=169&attributeValue=3592,https://www.marineregions.org/mrgid/3592
3562,Golfo di Palicastro,Gulf,"(2001). The Times comprehensive atlas of the world. 10th ed. Times Books: London. ISBN 0-7230-0792-6. 67, 220, 124 plates pp.",standard,3562,39.85861111111111,15.74861111111111,,,,,,false,0,,https://www.marineregions.org/mrgid/3562
3560,Golfo di Salerno,Gulf,"(2001). The Times comprehensive atlas of the world. 10th ed. Times Books: London. ISBN 0-7230-0792-6. 67, 220, 124 plates pp.",standard,3560,40.55777777777777,14.778611111111111,40.25,15.07,40.6,14.3,"POLYGON ((15.07 40.25, 14.3 40.25, 14.3 40.6, 15.07 40.6, 15.07 40.25))",false,0,,https://www.marineregions.org/mrgid/3560
3563,Golfo di Santa Eufemia,Gulf,"(2001). The Times comprehensive atlas of the world. 10th ed. Times Books: London. ISBN 0-7230-0792-6. 67, 220, 124 plates pp.",standard,3563,38.812777777777775,16.163888888888888,,,,,,false,0,,https://www.marineregions.org/mrgid/3563
3565,Golfo di Squillace,Gulf,"(2001). The Times comprehensive atlas of the world. 10th ed. Times Books: London. ISBN 0-7230-0792-6. 67, 220, 124 plates pp.",standard,3565,38.85527777777778,16.748055555555556,,,,,,true,1,https://www.marineregions.org/mrgid/3565/geometries?source=19&attributeValue=62390360,https://www.marineregions.org/mrgid/3565
3567,Golfo di Taranto,Gulf,"(2001). The Times comprehensive atlas of the world. 10th ed. Times Books: London. ISBN 0-7230-0792-6. 67, 220, 124 plates pp.",standard,3567,39.89,17.230555555555554,39.38,18.38,40.72,16,"POLYGON ((18.38 39.38, 16 39.38, 16 40.72, 18.38 40.72, 18.38 39.38))",false,0,,https://www.marineregions.org/mrgid/3567
3591,Golfo di Termini Imerese,Gulf,"(2001). The Times comprehensive atlas of the world. 10th ed. Times Books: London. ISBN 0-7230-0792-6. 67, 220, 124 plates pp.",standard,3591,38.01083333333333,13.744166666666667,,,,,,false,0,,https://www.marineregions.org/mrgid/3591
8981,Gulf Saint Vincent,Gulf,Les Watling,standard,8981,-34.7722,138.0749,-35.8,138.5,-34.2,137.68,"POLYGON ((138.5 -35.8, 137.68 -35.8, 137.68 -34.2, 138.5 -34.2, 138.5 -35.8))",false,0,,https://www.marineregions.org/mrgid/8981
31771,Gulf of Anadyr,Gulf,,deleted,4311,,,,,,,,false,0,,https://www.marineregions.org/mrgid/31771
31618,Gulf of Cambay ,Gulf,GeoNames,standard,31618,20.73052,72.29749,,,,,,false,0,,https://www.marineregions.org/mrgid/31618
4346,Gulf of Carpentaria,Gulf,Wikipedia,standard,4346,-14.1625,139.22583333333333,,,,,,true,1,https://www.marineregions.org/mrgid/4346/geometries?source=19&attributeValue=142868544,https://www.marineregions.org/mrgid/4346
63059,Gulf of Castellammare,Gulf,"D'Anna, G.; Giacalone, V.M.; Pipitone, C.; Badalamenti, F. (2011). Movement pattern of white seabream, Diplodus sargus (L., 1758) (Osteichthyes, Sparidae) acoustically tracked in an artificial reef area. Ital. J. Zoolog. 78(2): 255-263. https://hdl.handle.net/10.1080/11250000903464059 ",standard,63059,38.05,12.91666667,,,,,,false,0,,https://www.marineregions.org/mrgid/63059
16564,Gulf of Enez,Gulf,GeoNames,standard,16564,40.75,25.9166667,,,,,,false,0,,https://www.marineregions.org/mrgid/16564
15662,Gulf of Espiye,Gulf,GIS meteorology of Azov and Black Seas author Vladimir Belokopytov MhI NAS Ukraine email:belo(at)vip.sevsky.net,standard,15662,40.576,38.418,,,,,,false,0,,https://www.marineregions.org/mrgid/15662
32623,Gulf of Evia,Gulf,,deleted,17529,,,,,,,,false,0,,https://www.marineregions.org/mrgid/32623
15147,Gulf of Evvoia,Gulf,,deleted,17529,,,,,,,,false,0,,https://www.marineregions.org/mrgid/15147
21633,Gulf of Fonseca,Gulf,Mangroves,standard,21633,13.25,-87.75,,,,,,true,1,https://www.marineregions.org/mrgid/21633/geometries?source=169&attributeValue=21633,https://www.marineregions.org/mrgid/21633
2413,Gulf of Gdansk,Gulf,ASFA thesaurus,standard,2413,54.56666667,19.18333333,54.3,18.34,54.95,19.88,"POLYGON ((18.34 54.3, 19.88 54.3, 19.88 54.95, 18.34 54.95, 18.34 54.3))",false,0,,https://www.marineregions.org/mrgid/2413
15133,Gulf of Genoa,Gulf,,deleted,3526,,,,,,,,false,0,,https://www.marineregions.org/mrgid/15133
17608,Gulf of Goletta,Gulf,Aphia,standard,17608,36.81464,10.3129,,,,,,false,0,,https://www.marineregions.org/mrgid/17608
5217,Gulf of Heraklion,Gulf,BIOMARE,standard,5217,35.36666667,25.06666667,,,,,,false,0,,https://www.marineregions.org/mrgid/5217
31756,Gulf of Kamchatka,Gulf,GeoNames,standard,31756,55.58333,162.35,,,,,,false,0,,https://www.marineregions.org/mrgid/31756
17457,Gulf of Kutch,Gulf,Aphia,standard,17457,22.6,69.5,,,,,,true,1,https://www.marineregions.org/mrgid/17457/geometries?source=169&attributeValue=17457,https://www.marineregions.org/mrgid/17457
15148,Gulf of Lakonia,Gulf,Masdea,standard,15148,36.6,22.7,,,,,,true,1,https://www.marineregions.org/mrgid/15148/geometries?source=169&attributeValue=15148,https://www.marineregions.org/mrgid/15148
31994,Gulf of Lingayen,Gulf,GeoNames,standard,31994,16.2484,120.23477,,,,,,false,0,,https://www.marineregions.org/mrgid/31994
8940,Gulf of Maine,Gulf,"Van Guelpen, L. and M.K. Kennedy. 2011. The history of Canadian registers of marine species 2001-2009. Can. Tech. Rep. Fish. Aquat. Sci. 2906: iv + 20 pp.",standard,8940,44.5722222222,-67.31,39.65,-71.1,46.02,-62.28,"POLYGON ((-71.1 39.65, -62.28 39.65, -62.28 46.02, -71.1 46.02, -71.1 39.65))",true,12,https://www.marineregions.org/mrgid/8940/geometries?source=66&attributeValue=0 | https://www.marineregions.org/mrgid/8940/geometries?source=66&attributeValue=1 | https://www.marineregions.org/mrgid/8940/geometries?source=66&attributeValue=10 | https://www.marineregions.org/mrgid/8940/geometries?source=66&attributeValue=11 | https://www.marineregions.org/mrgid/8940/geometries?source=66&attributeValue=12 | https://www.marineregions.org/mrgid/8940/geometries?source=66&attributeValue=2 | https://www.marineregions.org/mrgid/8940/geometries?source=66&attributeValue=3 | https://www.marineregions.org/mrgid/8940/geometries?source=66&attributeValue=4 | https://www.marineregions.org/mrgid/8940/geometries?source=66&attributeValue=5 | https://www.marineregions.org/mrgid/8940/geometries?source=66&attributeValue=6 | https://www.marineregions.org/mrgid/8940/geometries?source=66&attributeValue=8 | https://www.marineregions.org/mrgid/8940/geometries?source=66&attributeValue=9,https://www.marineregions.org/mrgid/8940
4270,Gulf of Mannar,Gulf,Wikipedia,standard,4270,8.161111111111111,78.90805555555556,,,,,,true,1,https://www.marineregions.org/mrgid/4270/geometries?source=19&attributeValue=97386543,https://www.marineregions.org/mrgid/4270
22290,Gulf of Martaban,Gulf,GeoNames,standard,22290,16.520833,97.011944,,,,,,true,1,https://www.marineregions.org/mrgid/22290/geometries?source=169&attributeValue=22290,https://www.marineregions.org/mrgid/22290
16475,Gulf of Nhatrang,Gulf,Aphia,synonym,8902,12.237864,109.20873,,,,,,true,1,https://www.marineregions.org/mrgid/16475/geometries?source=169&attributeValue=16475,https://www.marineregions.org/mrgid/16475
31468,Gulf of Nicoya,Gulf,GeoNames,standard,31468,9.75354,-84.6857,,,,,,false,0,,https://www.marineregions.org/mrgid/31468
15986,Gulf of Odessa,Gulf,GIS meteorology of Azov and Black Seas author Vladimir Belokopytov MhI NAS Ukraine email:belo(at)vip.sevsky.net,standard,15986,46.311,30.46,,,,,,false,0,,https://www.marineregions.org/mrgid/15986
31791,Gulf of Olenyok,Gulf,GeoNames,standard,31791,73.31996,121.31889,,,,,,false,0,,https://www.marineregions.org/mrgid/31791
4315,Gulf of Panama,Gulf,Wikipedia,standard,4315,8.219444444444445,-79.2508,7.33,-80.5,9.25,-78.37,"POLYGON ((-80.5 7.33, -78.37 7.33, -78.37 9.25, -80.5 9.25, -80.5 7.33))",false,0,,https://www.marineregions.org/mrgid/4315
17609,Gulf of Papua,Gulf,Aphia,standard,17609,-8.5,145,,,,,,true,1,https://www.marineregions.org/mrgid/17609/geometries?source=169&attributeValue=17609,https://www.marineregions.org/mrgid/17609
31778,Gulf of Patience,Gulf,Wikipedia,standard,31778,49,143.5,,,,,,false,0,,https://www.marineregions.org/mrgid/31778
29864,Gulf of Piran,Gulf,Wikipedia,standard,29864,45.504444,13.561944,,,,,,true,1,https://www.marineregions.org/mrgid/29864/geometries?source=169&attributeValue=29864,https://www.marineregions.org/mrgid/29864
3877,Gulf of Salum,Gulf,"(2001). The Times comprehensive atlas of the world. 10th ed. Times Books: London. ISBN 0-7230-0792-6. 67, 220, 124 plates pp.",standard,3877,31.646944444444443,25.33833333333333,,,,,,false,0,,https://www.marineregions.org/mrgid/3877
19523,Gulf of Santos,Gulf,Wikipedia,standard,19523,,,,,,,,false,0,,https://www.marineregions.org/mrgid/19523
49716,Gulf of St. Lawrence,Gulf,Canadian Geographical Names Database (CGND),synonym,4290,46.500069,-61.499271,,,,,,true,5,https://www.marineregions.org/mrgid/49716/geometries?source=195&attributeValue=AAWFK | https://www.marineregions.org/mrgid/49716/geometries?source=195&attributeValue=BADXW | https://www.marineregions.org/mrgid/49716/geometries?source=195&attributeValue=CBPLY | https://www.marineregions.org/mrgid/49716/geometries?source=195&attributeValue=DACVQ | https://www.marineregions.org/mrgid/49716/geometries?source=195&attributeValue=EFGGM,https://www.marineregions.org/mrgid/49716
3823,Gulf of Taganrog,Gulf,"(2001). The Times comprehensive atlas of the world. 10th ed. Times Books: London. ISBN 0-7230-0792-6. 67, 220, 124 plates pp.",standard,3823,47,38.8333333,,,,,,false,0,,https://www.marineregions.org/mrgid/3823
4308,Gulf of Tatary,Gulf,"(1953). Limits of oceans and seas. 3rd edition. IHO Special Publication, 23. International Hydrographic Organization (IHO): Monaco. 38 pp.",standard,4308,50,141,46.55,142.35,51.91,140.37,"POLYGON ((142.35 46.55, 140.37 46.55, 140.37 51.91, 142.35 51.91, 142.35 46.55))",false,0,,https://www.marineregions.org/mrgid/4308
18884,Gulf of Tehuantepec,Gulf,IMIS,standard,18884,16,-94.833333,,,,,,true,1,https://www.marineregions.org/mrgid/18884/geometries?source=169&attributeValue=18884,https://www.marineregions.org/mrgid/18884
4333,Gulf of Tonkin,Gulf,Wikipedia,standard,4333,19.841388888888886,107.8236111111111,17.084079742,105.616088867,21.920320511,110.042808533,"POLYGON ((105.616088867 17.084079742, 110.042808533 17.084079742, 110.042808533 21.920320511, 105.616088867 21.920320511, 105.616088867 17.084079742))",true,1,https://www.marineregions.org/mrgid/4333/geometries?source=19&attributeValue=103677958,https://www.marineregions.org/mrgid/4333
21433,Gulf of Uraba,Gulf,GeoNames,standard,21433,8.41667,-76.88333,,,,,,true,1,https://www.marineregions.org/mrgid/21433/geometries?source=169&attributeValue=21433,https://www.marineregions.org/mrgid/21433
17610,Gulf of Venezuela,Gulf,Aphia,standard,17610,11.5,-71,,,,,,true,1,https://www.marineregions.org/mrgid/17610/geometries?source=169&attributeValue=17610,https://www.marineregions.org/mrgid/17610
3610,Gulf of Venice,Gulf,"(2001). The Times comprehensive atlas of the world. 10th ed. Times Books: London. ISBN 0-7230-0792-6. 67, 220, 124 plates pp.",standard,3610,45.393055555555556,13.001388888888888,,,,,,true,1,https://www.marineregions.org/mrgid/3610/geometries?source=19&attributeValue=73793613,https://www.marineregions.org/mrgid/3610
31734,Gulf of Yenesi,Gulf,GeoNames,standard,31734,72.40101,80.53446,,,,,,false,0,,https://www.marineregions.org/mrgid/31734
15655,Gulf of Zbur'ivka,Gulf,GIS meteorology of Azov and Black Seas author Vladimir Belokopytov MhI NAS Ukraine email:belo(at)vip.sevsky.net,standard,15655,46.2811,32.2,,,,,,false,0,,https://www.marineregions.org/mrgid/15655
15659,Gulf of ünye,Gulf,GIS meteorology of Azov and Black Seas author Vladimir Belokopytov MhI NAS Ukraine email:belo(at)vip.sevsky.net,standard,15659,41.076,37.194,,,,,,false,0,,https://www.marineregions.org/mrgid/15659
19265,Gulfo de Honduras,Gulf,IMIS,standard,19265,16.3333,-88,,,,,,true,1,https://www.marineregions.org/mrgid/19265/geometries?source=169&attributeValue=19265,https://www.marineregions.org/mrgid/19265
3882,Hammamet Gulf,Gulf,"(2001). The Times comprehensive atlas of the world. 10th ed. Times Books: London. ISBN 0-7230-0792-6. 67, 220, 124 plates pp.",standard,3882,36.1325,10.676666666666666,35.76,10.34,36.5,10.93,"POLYGON ((10.34 35.76, 10.93 35.76, 10.93 36.5, 10.34 36.5, 10.34 35.76))",false,0,,https://www.marineregions.org/mrgid/3882
15460,Holubina Gulf,Gulf,GeoNames,standard,15460,44.85,29.1,,,,,,false,0,,https://www.marineregions.org/mrgid/15460
9240,Ibero-Moroccan Gulf,Gulf,Masdea,standard,9240,36,-8,33.52,-7.53,36.99,-9.18,"POLYGON ((-7.53 33.52, -9.18 33.52, -9.18 36.99, -7.53 36.99, -7.53 33.52))",false,0,,https://www.marineregions.org/mrgid/9240
4345,Joseph Bonaparte Gulf,Gulf,Wikipedia,standard,4345,-14.2872222222222,128.6761111111111,,,,,,true,1,https://www.marineregions.org/mrgid/4345/geometries?source=19&attributeValue=135069788,https://www.marineregions.org/mrgid/4345
15682,Karkinyts'ka gulf,Gulf,GIS meteorology of Azov and Black Seas author Vladimir Belokopytov MhI NAS Ukraine email:belo(at)vip.sevsky.net,standard,15682,45.810313,33.053601,,,,,,false,0,,https://www.marineregions.org/mrgid/15682
3878,Khalïj Surt,Gulf,"(2001). The Times comprehensive atlas of the world. 10th ed. Times Books: London. ISBN 0-7230-0792-6. 67, 220, 124 plates pp.",standard,3878,31.24361111111111,17.85611111111111,,,,,,false,0,,https://www.marineregions.org/mrgid/3878
14770,Kolpos Kavala,Gulf,"(2001). The Times comprehensive atlas of the world. 10th ed. Times Books: London. ISBN 0-7230-0792-6. 67, 220, 124 plates pp.",standard,14770,40.8576,24.4563,,,,,,true,1,https://www.marineregions.org/mrgid/14770/geometries?source=169&attributeValue=14770,https://www.marineregions.org/mrgid/14770
14769,Kolpos Orfanou,Gulf,"(2001). The Times comprehensive atlas of the world. 10th ed. Times Books: London. ISBN 0-7230-0792-6. 67, 220, 124 plates pp.",standard,14769,40.698,23.8507,,,,,,true,1,https://www.marineregions.org/mrgid/14769/geometries?source=169&attributeValue=14769,https://www.marineregions.org/mrgid/14769
3677,Korinthiakos Kolpos,Gulf,"(2001). The Times comprehensive atlas of the world. 10th ed. Times Books: London. ISBN 0-7230-0792-6. 67, 220, 124 plates pp.",standard,3677,38.20388888888889,22.575555555555557,,,,,,false,0,,https://www.marineregions.org/mrgid/3677
3613,Kvarner Gulf,Gulf,"(2001). The Times comprehensive atlas of the world. 10th ed. Times Books: London. ISBN 0-7230-0792-6. 67, 220, 124 plates pp.",standard,3613,44.84055555555556,14.170555555555556,,,,,,true,1,https://www.marineregions.org/mrgid/3613/geometries?source=169&attributeValue=3613,https://www.marineregions.org/mrgid/3613
3671,Kyparissiakos Kolpos,Gulf,"(2001). The Times comprehensive atlas of the world. 10th ed. Times Books: London. ISBN 0-7230-0792-6. 67, 220, 124 plates pp.",standard,3671,37.45888888888889,21.547777777777778,,,,,,false,0,,https://www.marineregions.org/mrgid/3671
17674,Kólpos Kassándras,Gulf,Aphia,standard,17674,40.1,23.5,,,,,,true,1,https://www.marineregions.org/mrgid/17674/geometries?source=169&attributeValue=17674,https://www.marineregions.org/mrgid/17674
4305,Liaodong Wan,Gulf,GeoNames,standard,4305,40.30833333333333,121.39166666666668,,,,,,true,1,https://www.marineregions.org/mrgid/4305/geometries?source=19&attributeValue=110166016,https://www.marineregions.org/mrgid/4305
3483,Marseille Gulf,Gulf,ASFA thesaurus,standard,3483,43.25,5.25,43.28445,5.36819,43.3479,5.21988,"POLYGON ((5.36819 43.28445, 5.21988 43.28445, 5.21988 43.3479, 5.36819 43.3479, 5.36819 43.28445))",false,0,,https://www.marineregions.org/mrgid/3483
15656,Obytichna gulf,Gulf,GIS meteorology of Azov and Black Seas author Vladimir Belokopytov MhI NAS Ukraine email:belo(at)vip.sevsky.net,standard,15656,46.233,35.36,,,,,,false,0,,https://www.marineregions.org/mrgid/15656
33865,Orokolo Bay,Gulf,GeoNames,standard,33865,-7.888,145.306,,,,,,true,1,https://www.marineregions.org/mrgid/33865/geometries?source=169&attributeValue=33865,https://www.marineregions.org/mrgid/33865
3680,Pagasitikos Kolpos,Gulf,"(2001). The Times comprehensive atlas of the world. 10th ed. Times Books: London. ISBN 0-7230-0792-6. 67, 220, 124 plates pp.",standard,3680,39.217222222222226,23.010277777777777,,,,,,true,1,https://www.marineregions.org/mrgid/3680/geometries?source=19&attributeValue=64290816,https://www.marineregions.org/mrgid/3680
19269,"Paria, Gulf of",Gulf,IMIS,standard,19269,10.3333,-62,,,,,,true,1,https://www.marineregions.org/mrgid/19269/geometries?source=169&attributeValue=19269,https://www.marineregions.org/mrgid/19269
8979,Penzhinskaya Guba,Gulf,Les Watling,standard,8979,-4.621,151.802,,,,,,true,1,https://www.marineregions.org/mrgid/8979/geometries?source=19&attributeValue=120651845,https://www.marineregions.org/mrgid/8979
16016,Perekopskij zaliv,Gulf,GIS meteorology of Azov and Black Seas author Vladimir Belokopytov MhI NAS Ukraine email:belo(at)vip.sevsky.net,standard,16016,46.081589,33.577252,,,,,,false,0,,https://www.marineregions.org/mrgid/16016
11980,Rybij Khvost Gulf,Gulf,SCAR Composite Gazetteer,standard,11980,-66.2333333,100.7666667,,,,,,false,0,,https://www.marineregions.org/mrgid/11980
26748,Sagami-Nada,Gulf,GeoNames,standard,26748,34.96667,139.38333,,,,,,true,1,https://www.marineregions.org/mrgid/26748/geometries?source=169&attributeValue=26748,https://www.marineregions.org/mrgid/26748
19145,"San Blas, Golfo de",Gulf,IMIS,standard,19145,9.5,-79,,,,,,false,0,,https://www.marineregions.org/mrgid/19145
3678,Saronikos Kolpos,Gulf,ASFA thesaurus,standard,3678,37.76305555555555,23.690833333333334,,,,,,false,0,,https://www.marineregions.org/mrgid/3678
33964,Siam,Gulf,,deleted,4334,,,,,,,,false,0,,https://www.marineregions.org/mrgid/33964
48987,Spanish part of Gulf of Cadiz,Gulf,,deleted,62658,,,,,,,,false,0,,https://www.marineregions.org/mrgid/48987
17864,Spencer Gulf,Gulf,Aphia,standard,17864,-34.5,136.91667,,,,,,true,1,https://www.marineregions.org/mrgid/17864/geometries?source=169&attributeValue=17864,https://www.marineregions.org/mrgid/17864
16075,Temryuk bay,Gulf,GIS meteorology of Azov and Black Seas author Vladimir Belokopytov MhI NAS Ukraine email:belo(at)vip.sevsky.net,standard,16075,45.4061111,37.2091667,,,,,,false,0,,https://www.marineregions.org/mrgid/16075
15351,Temryukski Bay,Gulf,"(2001). The Times comprehensive atlas of the world. 10th ed. Times Books: London. ISBN 0-7230-0792-6. 67, 220, 124 plates pp.",standard,15351,45.40611,37.20917,,,,,,false,0,,https://www.marineregions.org/mrgid/15351
16078,Tendrivs'ka gulf,Gulf,GIS meteorology of Azov and Black Seas author Vladimir Belokopytov MhI NAS Ukraine email:belo(at)vip.sevsky.net,standard,16078,46.147,31.470000000000002,,,,,,false,0,,https://www.marineregions.org/mrgid/16078
16076,Tenginskaya bay,Gulf,GIS meteorology of Azov and Black Seas author Vladimir Belokopytov MhI NAS Ukraine email:belo(at)vip.sevsky.net,standard,16076,44.176,38.442,,,,,,false,0,,https://www.marineregions.org/mrgid/16076
3554,Terracina Gulf,Gulf,"(2001). The Times comprehensive atlas of the world. 10th ed. Times Books: London. ISBN 0-7230-0792-6. 67, 220, 124 plates pp.",standard,3554,41.286944444444444,13.300555555555556,,,,,,false,0,,https://www.marineregions.org/mrgid/3554
3681,Thermaikos Kolpos,Gulf,"(2001). The Times comprehensive atlas of the world. 10th ed. Times Books: London. ISBN 0-7230-0792-6. 67, 220, 124 plates pp.",standard,3681,40.099722222222226,22.944166666666668,,,,,,true,1,https://www.marineregions.org/mrgid/3681/geometries?source=19&attributeValue=64487435,https://www.marineregions.org/mrgid/3681
12490,Transkriptsii Gulf,Gulf,SCAR Composite Gazetteer,standard,12490,-66.25,100.55,,,,,,false,0,,https://www.marineregions.org/mrgid/12490
3883,Tunis Gulf,Gulf,"(2001). The Times comprehensive atlas of the world. 10th ed. Times Books: London. ISBN 0-7230-0792-6. 67, 220, 124 plates pp.",standard,3883,36.87555555555556,10.474166666666667,36.63,10.81,37.28,10.21,"POLYGON ((10.81 36.63, 10.21 36.63, 10.21 37.28, 10.81 37.28, 10.81 36.63))",false,0,,https://www.marineregions.org/mrgid/3883
14996,Tyendra Bay,Gulf,"(2001). The Times comprehensive atlas of the world. 10th ed. Times Books: London. ISBN 0-7230-0792-6. 67, 220, 124 plates pp.",standard,14996,46.25,31.9166667,46.05,31.5,46.3,32.2,"POLYGON ((31.5 46.05, 32.2 46.05, 32.2 46.3, 31.5 46.3, 31.5 46.05))",false,0,,https://www.marineregions.org/mrgid/14996
14930,Van Diemen Gulf,Gulf,Wikipedia,standard,14930,-11.816667,131.95,,,,,,true,1,https://www.marineregions.org/mrgid/14930/geometries?source=169&attributeValue=14930,https://www.marineregions.org/mrgid/14930
17529,Vóreios Evvoïkós Kólpos,Gulf,GeoNames,standard,17529,38.66667,23.25,,,,,,true,1,https://www.marineregions.org/mrgid/17529/geometries?source=169&attributeValue=17529,https://www.marineregions.org/mrgid/17529
9720,Wrigley Gulf,Gulf,SCAR Composite Gazetteer,standard,9720,-74,-129,,,,,,false,0,,https://www.marineregions.org/mrgid/9720
16543,Yahorlyts'kyy Lyman,Gulf,GeoNames,standard,16543,46.4,31.8333333,,,,,,false,0,,https://www.marineregions.org/mrgid/16543
33056,Zaliv Vladimira,Gulf,GeoNames,standard,33056,43.91744,135.49681,,,,,,true,1,https://www.marineregions.org/mrgid/33056/geometries?source=169&attributeValue=33056,https://www.marineregions.org/mrgid/33056
16087,gulf of Feodosiya,Gulf,,deleted,14979,,,,,,,,false,0,,https://www.marineregions.org/mrgid/16087
15653,gulf of Giresun,Gulf,GIS meteorology of Azov and Black Seas author Vladimir Belokopytov MhI NAS Ukraine email:belo(at)vip.sevsky.net,standard,15653,40.562,38.196,,,,,,false,0,,https://www.marineregions.org/mrgid/15653
15675,gulf of Kazantyp,Gulf,GIS meteorology of Azov and Black Seas author Vladimir Belokopytov MhI NAS Ukraine email:belo(at)vip.sevsky.net,standard,15675,45.256,35.558,,,,,,false,0,,https://www.marineregions.org/mrgid/15675
16123,gulf of Yalta,Gulf,GIS meteorology of Azov and Black Seas author Vladimir Belokopytov MhI NAS Ukraine email:belo(at)vip.sevsky.net,standard,16123,44.281,34.105000000000004,,,,,,false,0,,https://www.marineregions.org/mrgid/16123
15654,zaliv Dinskoj,Gulf,GIS meteorology of Azov and Black Seas author Vladimir Belokopytov MhI NAS Ukraine email:belo(at)vip.sevsky.net,standard,15654,45.236,36.453,,,,,,false,0,,https://www.marineregions.org/mrgid/15654
15658,zaliv Suxumi,Gulf,GIS meteorology of Azov and Black Seas author Vladimir Belokopytov MhI NAS Ukraine email:belo(at)vip.sevsky.net,standard,15658,42.58,41.012,,,,,,false,0,,https://www.marineregions.org/mrgid/15658
15537,Арабатский з-в,Gulf,GIS meteorology of Azov and Black Seas author Vladimir Belokopytov MhI NAS Ukraine email:belo(at)vip.sevsky.net,standard,15537,45.223,35.275,,,,,,false,0,,https://www.marineregions.org/mrgid/15537
15676,Каламитский з-в,Gulf,GIS meteorology of Azov and Black Seas author Vladimir Belokopytov MhI NAS Ukraine email:belo(at)vip.sevsky.net,standard,15676,45.018,33.31,,,,,,false,0,,https://www.marineregions.org/mrgid/15676
16457,Прорежинский з-в,Gulf,GIS meteorology of Azov and Black Seas author Vladimir Belokopytov MhI NAS Ukraine email:belo(at)vip.sevsky.net,standard,16457,46.3088,32.1818,,,,,,false,0,,https://www.marineregions.org/mrgid/16457
16051,Синопский з-в,Gulf,GIS meteorology of Azov and Black Seas author Vladimir Belokopytov MhI NAS Ukraine email:belo(at)vip.sevsky.net,standard,16051,41.564,35.087,,,,,,false,0,,https://www.marineregions.org/mrgid/16051
16069,Таганрогский з-в,Gulf,GIS meteorology of Azov and Black Seas author Vladimir Belokopytov MhI NAS Ukraine email:belo(at)vip.sevsky.net,standard,16069,47.030231,38.752041,,,,,,false,0,,https://www.marineregions.org/mrgid/16069
16395,з-в Глаголь,Gulf,GIS meteorology of Azov and Black Seas author Vladimir Belokopytov MhI NAS Ukraine email:belo(at)vip.sevsky.net,standard,16395,46.285000000000004,32.17,,,,,,false,0,,https://www.marineregions.org/mrgid/16395
16436,з-в Желанный,Gulf,GIS meteorology of Azov and Black Seas author Vladimir Belokopytov MhI NAS Ukraine email:belo(at)vip.sevsky.net,standard,16436,45.2714,29.47,,,,,,false,0,,https://www.marineregions.org/mrgid/16436
15657,з-в Скурджа,Gulf,GIS meteorology of Azov and Black Seas author Vladimir Belokopytov MhI NAS Ukraine email:belo(at)vip.sevsky.net,standard,15657,42.475,41.133,,,,,,false,0,,https://www.marineregions.org/mrgid/15657
15661,з-в Филатова Засуха,Gulf,GIS meteorology of Azov and Black Seas author Vladimir Belokopytov MhI NAS Ukraine email:belo(at)vip.sevsky.net,standard,15661,46.068,33.508,,,,,,false,0,,https://www.marineregions.org/mrgid/15661
4367,Amundsen Sea,Sea,Wikipedia,standard,4367,-72.5,-111.5,,,,,,true,1,https://www.marineregions.org/mrgid/4367/geometries?source=19&attributeValue=458810,https://www.marineregions.org/mrgid/4367
8888,Antilles Sea,Sea,Les Watling,synonym,4287,15,-75,,,,,,false,0,,https://www.marineregions.org/mrgid/8888
2403,Archipelago Sea,Sea,ASFA thesaurus,standard,2403,60.21,21.17,,,,,,true,1,https://www.marineregions.org/mrgid/2403/geometries?source=189&attributeValue=3,https://www.marineregions.org/mrgid/2403
4348,Aru Sea,Sea,The SeaVoX Salt and Fresh Water Body Gazetteer,standard,4348,-6.39916666666667,135.39166666666665,-9.1236235408116,130.76918093059,-2.7130038768018,141.45030605158,"POLYGON ((130.76918093059 -9.1236235408116, 141.45030605158 -9.1236235408116, 141.45030605158 -2.7130038768018, 130.76918093059 -2.7130038768018, 130.76918093059 -9.1236235408116))",false,0,,https://www.marineregions.org/mrgid/4348
3294,Baelt Sea,Sea,,standard,3294,55.825,10.8889,,,,,,true,2,https://www.marineregions.org/mrgid/3294/geometries?source=60&attributeValue=82 | https://www.marineregions.org/mrgid/3294/geometries?source=189&attributeValue=9,https://www.marineregions.org/mrgid/3294
30248,Balearic Sea,Sea,The SeaVoX Salt and Fresh Water Body Gazetteer,standard,30248,40.028669121525,1.8346658539561,38.049735462707,-0.72391702692485,42.007602780343,4.393248734837,"POLYGON ((-0.72391702692485 38.049735462707, 4.393248734837 38.049735462707, 4.393248734837 42.007602780343, -0.72391702692485 42.007602780343, -0.72391702692485 38.049735462707))",false,0,,https://www.marineregions.org/mrgid/30248
4372,Baltic Proper,Sea,ASFA thesaurus,standard,4372,56.75671,18.33336,53.52484,11.82397,59.87123,23.51118,"POLYGON ((11.82397 53.52484, 23.51118 53.52484, 23.51118 59.87123, 11.82397 59.87123, 11.82397 53.52484))",true,1,https://www.marineregions.org/mrgid/4372/geometries?source=189&attributeValue=5,https://www.marineregions.org/mrgid/4372
4368,Bellingshausen Sea,Sea,Australian Antarctic Gazetteer,standard,4368,-71,-85,,,,,,true,1,https://www.marineregions.org/mrgid/4368/geometries?source=19&attributeValue=524334,https://www.marineregions.org/mrgid/4368
4304,Bo Hai Sea,Sea,Wikipedia,standard,4304,38.7975,119.72972222222222,,,,,,false,0,,https://www.marineregions.org/mrgid/4304
63349,Bohai Sea,Sea,"Mu, F.-H.; Huys, R. (2002). New species of Stenhelia (Copepoda, Harpacticoida, Diosaccidae) from the Bohai Sea (China) with notes on subgeneric division and phylogenetic relationships. Cah. Biol. Mar. 43(2): 179-206",standard,63349,38.5,120,,,,,,false,0,,https://www.marineregions.org/mrgid/63349
4357,Bohol Sea,Sea,Wikipedia,standard,4357,5.736666666666666,123.14916666666667,,,,,,true,1,https://www.marineregions.org/mrgid/4357/geometries?source=19&attributeValue=114950227,https://www.marineregions.org/mrgid/4357
19384,Bothnian Sea,Sea,Wikipedia,standard,19384,63,20,,,,,,true,1,https://www.marineregions.org/mrgid/19384/geometries?source=189&attributeValue=2,https://www.marineregions.org/mrgid/19384
17423,Camotes Sea,Sea,Aphia,standard,17423,10.5,124.25,,,,,,false,0,,https://www.marineregions.org/mrgid/17423
4285,Canary Sea,Sea,"Sun, H.; He, J.; Chen, Y.; Zhao, B. Space-Time Sea Surface pCO2 Estimation in the North Atlantic Based on CatBoost. Remote Sens. 2021, 13, 2805. https://doi.org/10.3390/rs13142805",standard,4285,25,-25,20,-35,30,-15,"POLYGON ((-35 20, -15 20, -15 30, -35 30, -35 20))",false,0,,https://www.marineregions.org/mrgid/4285
3332,Catalan Sea,Sea,ASFA thesaurus,standard,3332,41,2,,,,,,false,0,,https://www.marineregions.org/mrgid/3332
23489,Central Mediterranean,Sea,Aphia,standard,23489,37.5,12.5,30,5,45,20,"POLYGON ((5 30, 20 30, 20 45, 5 45, 5 30))",false,0,,https://www.marineregions.org/mrgid/23489
22110,Central Weddell Sea,Sea,Australian Antarctic Gazetteer,standard,22110,,,,,,,,false,0,,https://www.marineregions.org/mrgid/22110
21280,Chuki Sea,Sea,,deleted,4257,,,,,,,,false,0,,https://www.marineregions.org/mrgid/21280
14321,Clyde Sea Area,Sea,"Mill H.R. (1894). Physical Conditions of the Clyde Sea Area. The Geographical Journal Vol. 4, No. 4, pp. 344-349. https://doi.org/10.2307/1773538.",standard,14321,55.68333333,-5.083333333,55.08333333,-4.5,56.28333333,-5.666666667,"POLYGON ((-4.5 55.08333333, -5.666666667 55.08333333, -5.666666667 56.28333333, -4.5 56.28333333, -4.5 55.08333333))",false,0,,https://www.marineregions.org/mrgid/14321
22699,Cooperation Sea,Sea,The SeaVoX Salt and Fresh Water Body Gazetteer,standard,22699,,,-69.740898,53.8,-65,82.391808,"POLYGON ((53.8 -69.740898, 82.391808 -69.740898, 82.391808 -65, 53.8 -65, 53.8 -69.740898))",true,1,https://www.marineregions.org/mrgid/22699/geometries?source=81&attributeValue=COOPERATION+SEA,https://www.marineregions.org/mrgid/22699
22700,Cosmonauts Sea,Sea,The SeaVoX Salt and Fresh Water Body Gazetteer,standard,22700,,,-70.096443,33.736633,-65,53.800001,"POLYGON ((33.736633 -70.096443, 53.800001 -70.096443, 53.800001 -65, 33.736633 -65, 33.736633 -70.096443))",true,1,https://www.marineregions.org/mrgid/22700/geometries?source=81&attributeValue=COSMONAUTS+SEA,https://www.marineregions.org/mrgid/22700
3339,Crete Sea,Sea,ASFA thesaurus,standard,3339,35.85444444444445,25.040277777777778,,,,,,false,0,,https://www.marineregions.org/mrgid/3339
17287,Davis Sea,Sea,"(2001). The Times comprehensive atlas of the world. 10th ed. Times Books: London. ISBN 0-7230-0792-6. 67, 220, 124 plates pp.",standard,17287,-66,92,,,,,,false,0,,https://www.marineregions.org/mrgid/17287
31601,Dead Sea,Sea,GeoNames,standard,31601,31.55747,35.49545,,,,,,false,0,,https://www.marineregions.org/mrgid/31601
4326,Drake Passage,Sea,Wikipedia,standard,4326,-59.9180555555556,-64.2883333333333,,,,,,true,1,https://www.marineregions.org/mrgid/4326/geometries?source=19&attributeValue=655437,https://www.marineregions.org/mrgid/4326
12472,Dumont d'Urville Sea,Sea,SCAR Composite Gazetteer,standard,12472,-65,140,,,,,,false,0,,https://www.marineregions.org/mrgid/12472
16482,Harima-nada,Sea,Getty thesaurus of geographic names,standard,16482,34.5,134.63,,,,,,false,0,,https://www.marineregions.org/mrgid/16482
2352,Iceland Sea,Sea,The SeaVoX Salt and Fresh Water Body Gazetteer,standard,2352,68.54315,-18.95805,62.343053764298,-33.012276694119,74.743235346606,-4.9038272885686,"POLYGON ((-33.012276694119 62.343053764298, -4.9038272885686 62.343053764298, -4.9038272885686 74.743235346606, -33.012276694119 74.743235346606, -33.012276694119 62.343053764298))",false,0,,https://www.marineregions.org/mrgid/2352
2355,Irminger Sea,Sea,ASFA thesaurus,standard,2355,61,-36,,,,,,false,0,,https://www.marineregions.org/mrgid/2355
4259,Kane Basin,Sea,Wikipedia,standard,4259,79.5,-69,,,,,,false,0,,https://www.marineregions.org/mrgid/4259
26529,Kashima Sea,Sea,GeoNames,standard,26529,36,140.75,,,,,,false,0,,https://www.marineregions.org/mrgid/26529
12818,Kong Håkon VII Hav,Sea,SCAR Composite Gazetteer,standard,12818,-65,13,,,,,,false,0,,https://www.marineregions.org/mrgid/12818
63499,Kumano-nada,Sea,US BGN Advisory Committee on Undersea Features (ACUF),standard,63499,33.783333,136.333333,,,,,,false,0,,https://www.marineregions.org/mrgid/63499
22701,Lazarev Sea,Sea,The SeaVoX Salt and Fresh Water Body Gazetteer,standard,22701,,,-70.328491,1e-09,-65,14.000045,"POLYGON ((1e-09 -70.328491, 14.000045 -70.328491, 14.000045 -65, 1e-09 -65, 1e-09 -70.328491))",true,1,https://www.marineregions.org/mrgid/22701/geometries?source=81&attributeValue=LAZAREV+SEA,https://www.marineregions.org/mrgid/22701
4954,Levantine Sea,Sea,Eurode,standard,4954,34,34,,,,,,false,0,,https://www.marineregions.org/mrgid/4954
4953,Libyan Sea,Sea,GeoNames,standard,4953,34,24.41,,,,,,false,0,,https://www.marineregions.org/mrgid/4953
13831,Mawson Sea,Sea,SCAR Composite Gazetteer,standard,13831,-65,105,,,,,,false,0,,https://www.marineregions.org/mrgid/13831
65535,Mer d'Iroise,Sea,"Aurélien SCHMITT, Mark HOEBEKE (2025). Toponymes marins et côtiers en France métropolitaine",altclass,65535,48.2151,-4.83367,48.0238,-5.1509,48.44562,-4.53599,"POLYGON ((-5.1509 48.0238, -4.53599 48.0238, -4.53599 48.44562, -5.1509 48.44562, -5.1509 48.0238))",true,1,https://www.marineregions.org/mrgid/65535/geometries?source=287&attributeValue=3bf6eb55-943e-4835-bd9e-0e7946b15ebb,https://www.marineregions.org/mrgid/65535
65570,Mer des Pertuis,Sea,"Aurélien SCHMITT, Mark HOEBEKE (2025). Toponymes marins et côtiers en France métropolitaine",altclass,65570,46.11693,-1.27212,45.67389,-1.56141,46.352,-0.93351,"POLYGON ((-1.56141 45.67389, -0.93351 45.67389, -0.93351 46.352, -1.56141 46.352, -1.56141 45.67389))",true,1,https://www.marineregions.org/mrgid/65570/geometries?source=287&attributeValue=ea3aa5fc-feff-4b2f-a416-8bf7de86e28c,https://www.marineregions.org/mrgid/65570
21084,Minches and Malin Sea,Sea,"Webster L, Russell M, Walsham P, Phillips L, Hussy, I, Packer G, Dalgarno E, Moffat C. (2011). An assessment of persistent organic pollutants in Scottish coastal and offshore marine environments. Journal of environmental monitoring : JEM. 13. 1288-307. 10.1039/c1em10100e.",standard,21084,56.865634774966,-6.9265686650527,,,,,,false,0,,https://www.marineregions.org/mrgid/21084
3676,Mirtoö Pelagos,Sea,"(2001). The Times comprehensive atlas of the world. 10th ed. Times Books: London. ISBN 0-7230-0792-6. 67, 220, 124 plates pp.",standard,3676,37.06861111111112,23.797500000000003,,,,,,false,0,,https://www.marineregions.org/mrgid/3676
4960,Moroccan Reef,Sea,Eurode,standard,4960,,,,,,,,false,0,,https://www.marineregions.org/mrgid/4960
4335,Natuna Sea,Sea,Wikipedia,standard,4335,0.5902777777777778,106.97472222222223,,,,,,false,0,,https://www.marineregions.org/mrgid/4335
22289,Nordic Seas,Sea,GeoNames,standard,22289,,,54,-40,80,40,"POLYGON ((-40 54, 40 54, 40 80, -40 80, -40 54))",false,0,,https://www.marineregions.org/mrgid/22289
21267,North Baltic proper,Sea,Aphia,standard,21267,58.29842008,19.64961218,,,,,,true,1,https://www.marineregions.org/mrgid/21267/geometries?source=62&attributeValue=21267,https://www.marineregions.org/mrgid/21267
22056,North Western Weddell Sea,Sea,Australian Antarctic Gazetteer,standard,22056,,,,,,,,false,0,,https://www.marineregions.org/mrgid/22056
2448,Northern Baltic,Sea,ASFA thesaurus,standard,2448,59,20.5,,,,,,true,1,https://www.marineregions.org/mrgid/2448/geometries?source=150&attributeValue=2448,https://www.marineregions.org/mrgid/2448
23565,Northern South China Sea,Sea,Mysida/Aphia,standard,23565,20.262734,112.981049,,,,,,true,1,https://www.marineregions.org/mrgid/23565/geometries?source=150&attributeValue=23565,https://www.marineregions.org/mrgid/23565
2452,Northern Wadden Sea,Sea,ASFA thesaurus,standard,2452,54.5,8.25,,,,,,false,0,,https://www.marineregions.org/mrgid/2452
22098,Northern Weddell Sea,Sea,Australian Antarctic Gazetteer,standard,22098,,,,,,,,false,0,,https://www.marineregions.org/mrgid/22098
4255,Northwestern Passages,Sea,"(1953). Limits of oceans and seas. 3rd edition. IHO Special Publication, 23. International Hydrographic Organization (IHO): Monaco. 38 pp.",synonym,5698,75,-100,,,,,,false,0,,https://www.marineregions.org/mrgid/4255
5643,Pechora Sea,Sea,"(2001). The Times comprehensive atlas of the world. 10th ed. Times Books: London. ISBN 0-7230-0792-6. 67, 220, 124 plates pp.",standard,5643,70,54,,,,,,false,0,,https://www.marineregions.org/mrgid/5643
65524,Petite mer de Gâvres,Sea,"Aurélien SCHMITT, Mark HOEBEKE (2025). Toponymes marins et côtiers en France métropolitaine",altclass,65524,47.69898,-3.31377,47.68566,-3.35319,47.70996,-3.27947,"POLYGON ((-3.35319 47.68566, -3.27947 47.68566, -3.27947 47.70996, -3.35319 47.70996, -3.35319 47.68566))",true,1,https://www.marineregions.org/mrgid/65524/geometries?source=287&attributeValue=e0450a95-b09a-4c49-9dc9-6a96174f9a61,https://www.marineregions.org/mrgid/65524
22702,Riiser-Larsen Sea,Sea,The SeaVoX Salt and Fresh Water Body Gazetteer,standard,22702,,,-70.427933,14,-65,33.75,"POLYGON ((14 -70.427933, 33.75 -70.427933, 33.75 -65, 14 -65, 14 -70.427933))",true,1,https://www.marineregions.org/mrgid/22702/geometries?source=81&attributeValue=RIISER-LARSEN+SEA,https://www.marineregions.org/mrgid/22702
4370,Ross Sea,Sea,New Zealand Gazetteer,standard,4370,-74,179,,,,,,true,1,https://www.marineregions.org/mrgid/4370/geometries?source=234&attributeValue=10619,https://www.marineregions.org/mrgid/4370
15273,Sargasso Sea,Sea,Masdea,standard,15273,30,-60,,,,,,false,0,,https://www.marineregions.org/mrgid/15273
4329,Scotia Sea,Sea,Wikipedia,standard,4329,-56.9063888888889,-50.7547222222222,-69.5,-65.95,-54,-36.75,"POLYGON ((-65.95 -69.5, -36.75 -69.5, -36.75 -54, -65.95 -54, -65.95 -69.5))",false,0,,https://www.marineregions.org/mrgid/4329
10558,Sea Leopard Patch,Sea,SCAR Composite Gazetteer,standard,10558,-62.0833333,-58.4,,,,,,false,0,,https://www.marineregions.org/mrgid/10558
2358,Sea of the Hebrides,Sea,"(2001). The Times comprehensive atlas of the world. 10th ed. Times Books: London. ISBN 0-7230-0792-6. 67, 220, 124 plates pp.",standard,2358,57,-6.9,56.37481766,-7.662206655,57.59996244,-5.372055769,"POLYGON ((-7.662206655 56.37481766, -5.372055769 56.37481766, -5.372055769 57.59996244, -7.662206655 57.59996244, -7.662206655 56.37481766))",true,1,https://www.marineregions.org/mrgid/2358/geometries?source=19&attributeValue=52166694,https://www.marineregions.org/mrgid/2358
19383,Sea of Åland,Sea,Wikipedia,standard,19383,60.1666666667,19.1666666667,,,,,,false,0,,https://www.marineregions.org/mrgid/19383
16479,Seto Inland Sea,Sea,GeoNames,synonym,4306,34.3,133.5,,,,,,false,0,,https://www.marineregions.org/mrgid/16479
17858,Sibuyan Sea,Sea,Aphia,standard,17858,12.62611,122.48361,,,,,,false,0,,https://www.marineregions.org/mrgid/17858
59314,Slope Sea,Sea,"Richardson, D. E., Marancik, K. E., Guyon, J. R., Lutcavage, M. E., Galuardi, B., Lam, C. H., ... & Hare, J. A. (2016). Discovery of a spawning ground reveals diverse migration strategies in Atlantic bluefin tuna (Thunnus thynnus). Proceedings of the National Academy of Sciences, 113(12), 3299-3304.",standard,59314,40.30213,-61.11854,35.51667,-74.79974,42.94098,-46.3179,"POLYGON ((-74.79974 35.51667, -46.3179 35.51667, -46.3179 42.94098, -74.79974 42.94098, -74.79974 35.51667))",true,1,https://www.marineregions.org/mrgid/59314/geometries?source=244&attributeValue=59314,https://www.marineregions.org/mrgid/59314
22704,Somov Sea,Sea,The SeaVoX Salt and Fresh Water Body Gazetteer,standard,22704,,,-71.6899721644,146.224958721,-63.960443441,171.035594926,"POLYGON ((146.224958721 -71.6899721644, 171.035594926 -71.6899721644, 171.035594926 -63.960443441, 146.224958721 -63.960443441, 146.224958721 -71.6899721644))",true,1,https://www.marineregions.org/mrgid/22704/geometries?source=81&attributeValue=SOMOV+SEA,https://www.marineregions.org/mrgid/22704
22703,Sound Sea,Sea,The SeaVoX Salt and Fresh Water Body Gazetteer,standard,22703,,,58.4120916744,22.5508589335,59.2352593304,23.7816288845,"POLYGON ((22.5508589335 58.4120916744, 23.7816288845 58.4120916744, 23.7816288845 59.2352593304, 22.5508589335 59.2352593304, 22.5508589335 58.4120916744))",true,1,https://www.marineregions.org/mrgid/22703/geometries?source=81&attributeValue=SOUND+SEA,https://www.marineregions.org/mrgid/22703
21266,South Baltic proper,Sea,Aphia,standard,21266,55.36707739,16.65181901,,,,,,true,1,https://www.marineregions.org/mrgid/21266/geometries?source=62&attributeValue=21266,https://www.marineregions.org/mrgid/21266
2451,South Eastern Baltic,Sea,ASFA thesaurus,standard,2451,55.4,20.6,,,,,,true,1,https://www.marineregions.org/mrgid/2451/geometries?source=149&attributeValue=2451,https://www.marineregions.org/mrgid/2451
23567,Southeastern Andaman Sea,Sea,Mysida/Aphia,standard,23567,10.055966,97.732026,,,,,,true,1,https://www.marineregions.org/mrgid/23567/geometries?source=149&attributeValue=23567,https://www.marineregions.org/mrgid/23567
2449,Southern Baltic,Sea,ASFA thesaurus,standard,2449,55.5,19,,,,,,true,1,https://www.marineregions.org/mrgid/2449/geometries?source=150&attributeValue=2449,https://www.marineregions.org/mrgid/2449
2453,Southern Wadden Sea,Sea,ASFA thesaurus,standard,2453,53.7,6.5,,,,,,false,0,,https://www.marineregions.org/mrgid/2453
4356,Sulawesi Sea,Sea,GeoNames,standard,4356,3.070277777777778,121.65861111111111,,,,,,false,0,,https://www.marineregions.org/mrgid/4356
32359,Suo Sea,Sea,GeoNames,standard,32359,33.82678,131.47738,,,,,,false,0,,https://www.marineregions.org/mrgid/32359
3683,Thrakiko Pelagos,Sea,"(2001). The Times comprehensive atlas of the world. 10th ed. Times Books: London. ISBN 0-7230-0792-6. 67, 220, 124 plates pp.",standard,3683,40.57027777777778,25.011944444444445,,,,,,false,0,,https://www.marineregions.org/mrgid/3683
4374,Vainameri,Sea,"(2001). The Times comprehensive atlas of the world. 10th ed. Times Books: London. ISBN 0-7230-0792-6. 67, 220, 124 plates pp.",standard,4374,58.7573,23.2043,,,,,,false,0,,https://www.marineregions.org/mrgid/4374
2354,Waddenzee,Sea,The SeaVoX Salt and Fresh Water Body Gazetteer,standard,2354,53.911656,7.557706,52.89209,4.727417,55.59623,9.835879,"POLYGON ((4.727417 52.89209, 9.835879 52.89209, 9.835879 55.59623, 4.727417 55.59623, 4.727417 52.89209))",true,1,https://www.marineregions.org/mrgid/2354/geometries?source=81&attributeValue=WADDEN+SEA,https://www.marineregions.org/mrgid/2354
4249,Wandel Sea,Sea,GeoNames,standard,4249,82.25,-17,,,,,,false,0,,https://www.marineregions.org/mrgid/4249
30239,Wedell Sea ,Sea,,deleted,4330,,,,,,,,false,0,,https://www.marineregions.org/mrgid/30239
22055,West Weddell Sea,Sea,Australian Antarctic Gazetteer,standard,22055,,,,,,,,false,0,,https://www.marineregions.org/mrgid/22055
3590,Aland Strait,Strait,"(2001). The Times comprehensive atlas of the world. 10th ed. Times Books: London. ISBN 0-7230-0792-6. 67, 220, 124 plates pp.",standard,3590,60.04888888888889,19.30777777777778,,,,,,false,0,,https://www.marineregions.org/mrgid/3590
3453,Als Sund,Strait,Map of the Danish water,standard,3453,54.9333333,9.7666667,,,,,,false,0,,https://www.marineregions.org/mrgid/3453
21113,Avaiti,Strait,Algologie (Ugent),standard,21113,-17.75,-149.51667,,,,,,false,0,,https://www.marineregions.org/mrgid/21113
9080,Bab al Mandab,Strait,"(2001). The Times comprehensive atlas of the world. 10th ed. Times Books: London. ISBN 0-7230-0792-6. 67, 220, 124 plates pp.",standard,9080,12.58333,43.41667,,,,,,true,1,https://www.marineregions.org/mrgid/9080/geometries?source=19&attributeValue=70385705,https://www.marineregions.org/mrgid/9080
21602,Balabac Strait,Strait,Aphia,standard,21602,8,117,,,,,,false,0,,https://www.marineregions.org/mrgid/21602
23500,Barrow Strait,Strait,Canadian Geographical Names Database (CGND),standard,23500,74.4,-94.166667,,,,,,true,1,https://www.marineregions.org/mrgid/23500/geometries?source=195&attributeValue=OABRK,https://www.marineregions.org/mrgid/23500
14929,Basilan Strait,Strait,GeoNames,standard,14929,6.8125,122.023333333,,,,,,false,0,,https://www.marineregions.org/mrgid/14929
18796,"Belle Isle, Strait of",Strait,IMIS,standard,18796,51.5,-56.5,,,,,,false,0,,https://www.marineregions.org/mrgid/18796
4317,Bering Strait,Strait,Wikipedia,standard,4317,65.0911111111111,-169.828333333333,,,,,,true,1,https://www.marineregions.org/mrgid/4317/geometries?source=19&attributeValue=14418007,https://www.marineregions.org/mrgid/4317
9619,Bismarck Strait,Strait,SCAR Composite Gazetteer,standard,9619,-64.85,-63.9666667,,,,,,false,0,,https://www.marineregions.org/mrgid/9619
3716,Boomkensdiep,Strait,Oosthoek Times Wereldatlas,standard,3716,53.3666666666,5.13333333333,,,,,,false,0,,https://www.marineregions.org/mrgid/3716
3717,Borndiep,Strait,Oosthoek Times Wereldatlas,standard,3717,53.450833333333335,5.596388888888889,,,,,,false,0,,https://www.marineregions.org/mrgid/3717
2378,Bornholm Strait,Strait,ASFA thesaurus,standard,2378,55.31,14.49,,,,,,false,0,,https://www.marineregions.org/mrgid/2378
3725,Bosporus,Strait,Wikipedia,standard,3725,41.0572222222,29.0433333333,,,,,,false,0,,https://www.marineregions.org/mrgid/3725
10914,Boyd Strait,Strait,SCAR Composite Gazetteer,standard,10914,-62.8333333,-62,,,,,,false,0,,https://www.marineregions.org/mrgid/10914
3618,Bracki Kanal,Strait,"(2001). The Times comprehensive atlas of the world. 10th ed. Times Books: London. ISBN 0-7230-0792-6. 67, 220, 124 plates pp.",standard,3618,43.43722222222222,13.520555555555557,,,,,,false,0,,https://www.marineregions.org/mrgid/3618
9890,Bransfield Strait,Strait,SCAR Composite Gazetteer,standard,9890,-63,-59,,,,,,false,0,,https://www.marineregions.org/mrgid/9890
8923,Cabot Strait,Strait,Les Watling,standard,8923,47.283,-59.954,,,,,,true,1,https://www.marineregions.org/mrgid/8923/geometries?source=19&attributeValue=50462727,https://www.marineregions.org/mrgid/8923
32435,Carnley Harbour,Strait,GeoNames,standard,32435,-50.86667,166.16667,,,,,,false,0,,https://www.marineregions.org/mrgid/32435
19650,Chatham Strait,Strait,IMIS,standard,19650,56.965,-134.62556,,,,,,false,0,,https://www.marineregions.org/mrgid/19650
3860,Chios Strait,Strait,"(2001). The Times comprehensive atlas of the world. 10th ed. Times Books: London. ISBN 0-7230-0792-6. 67, 220, 124 plates pp.",standard,3860,38.403055555555554,26.20888888888889,,,,,,false,0,,https://www.marineregions.org/mrgid/3860
4369,Cook Strait,Strait,Wikipedia,standard,4369,-41.0383333333333,174.54111111111112,,,,,,true,1,https://www.marineregions.org/mrgid/4369/geometries?source=19&attributeValue=148176987,https://www.marineregions.org/mrgid/4369
17480,Dampier Strait,Strait,Aphia,standard,17480,-5.6,148.2,,,,,,false,0,,https://www.marineregions.org/mrgid/17480
62630,Danish Straits,Strait,HELCOM (2020). PLC Subbasins.,standard,62630,55.07862,11.08592,53.89487,9.41915,56.29715,13.07036,"POLYGON ((9.41915 53.89487, 13.07036 53.89487, 13.07036 56.29715, 9.41915 56.29715, 9.41915 53.89487))",true,1,https://www.marineregions.org/mrgid/62630/geometries?source=189&attributeValue=9,https://www.marineregions.org/mrgid/62630
3721,Dardanelles,Strait,Wikipedia,standard,3721,40.25,26.4167,,,,,,true,1,https://www.marineregions.org/mrgid/3721/geometries?source=19&attributeValue=65142808,https://www.marineregions.org/mrgid/3721
2377,Denmark Strait,Strait,ASFA thesaurus,standard,2377,67.25916666666667,26.08222222222222,,,,,,true,1,https://www.marineregions.org/mrgid/2377/geometries?source=19&attributeValue=51445797,https://www.marineregions.org/mrgid/2377
8954,Drobak Strait,Strait,Les Watling,standard,8954,59.664,10.652,,,,,,true,1,https://www.marineregions.org/mrgid/8954/geometries?source=19&attributeValue=72744979,https://www.marineregions.org/mrgid/8954
21313,Dundas Strait,Strait,Aphia,standard,21313,-11.33333,131.5833,,,,,,false,0,,https://www.marineregions.org/mrgid/21313
3715,Eijermandse Gat,Strait,Oosthoek Times Wereldatlas,standard,3715,53.2,4.866944444444445,,,,,,false,0,,https://www.marineregions.org/mrgid/3715
12503,Ellis Narrows,Strait,SCAR Composite Gazetteer,standard,12503,-68.6163889,77.9925,,,,,,false,0,,https://www.marineregions.org/mrgid/12503
11629,English Strait,Strait,SCAR Composite Gazetteer,standard,11629,-62.45,-59.6333333,,,,,,false,0,,https://www.marineregions.org/mrgid/11629
5462,Erik Eriksenstretet,Strait,"(2001). The Times comprehensive atlas of the world. 10th ed. Times Books: London. ISBN 0-7230-0792-6. 67, 220, 124 plates pp.",standard,5462,79,29,,,,,,false,0,,https://www.marineregions.org/mrgid/5462
2376,Femer Baelt,Strait,"(2001). The Times comprehensive atlas of the world. 10th ed. Times Books: London. ISBN 0-7230-0792-6. 67, 220, 124 plates pp.",standard,2376,54.60472222222222,11.220833333333333,,,,,,false,0,,https://www.marineregions.org/mrgid/2376
13003,Fildes Strait,Strait,SCAR Composite Gazetteer,standard,13003,-62.2333333,-59,,,,,,false,0,,https://www.marineregions.org/mrgid/13003
8963,Flinders Passage,Strait,Les Watling,standard,8963,-19,147.81,,,,,,false,0,,https://www.marineregions.org/mrgid/8963
17537,Florida Strait,Strait,GeoNames,standard,17537,25,-79.75,,,,,,false,0,,https://www.marineregions.org/mrgid/17537
5450,Forlandsundet,Strait,"(2001). The Times comprehensive atlas of the world. 10th ed. Times Books: London. ISBN 0-7230-0792-6. 67, 220, 124 plates pp.",standard,5450,78.5,12,,,,,,true,1,https://www.marineregions.org/mrgid/5450/geometries?source=19&attributeValue=76087341,https://www.marineregions.org/mrgid/5450
4301,Formosa Strait,Strait,Wikipedia,standard,4301,24.191666666666666,119.4325,,,,,,true,1,https://www.marineregions.org/mrgid/4301/geometries?source=19&attributeValue=109248546,https://www.marineregions.org/mrgid/4301
16495,Foveaux Strait,Strait,GeoNames,standard,16495,-46.70833,168.01,,,,,,false,0,,https://www.marineregions.org/mrgid/16495
5460,Freemansundet,Strait,"(2001). The Times comprehensive atlas of the world. 10th ed. Times Books: London. ISBN 0-7230-0792-6. 67, 220, 124 plates pp.",standard,5460,78.18,21.167,,,,,,true,1,https://www.marineregions.org/mrgid/5460/geometries?source=19&attributeValue=76021834,https://www.marineregions.org/mrgid/5460
3443,Freu de Cabrera,Strait,"(2001). The Times comprehensive atlas of the world. 10th ed. Times Books: London. ISBN 0-7230-0792-6. 67, 220, 124 plates pp.",standard,3443,39.23305555555556,3.0011111111111113,,,,,,false,0,,https://www.marineregions.org/mrgid/3443
3719,Friese Gat,Strait,Oosthoek Times Wereldatlas,standard,3719,53.45910720357,6.0681677342939,,,,,,false,0,,https://www.marineregions.org/mrgid/3719
23507,Frozen Strait,Strait,Canadian Geographical Names Database (CGND),standard,23507,65.75,-84.333333,,,,,,true,1,https://www.marineregions.org/mrgid/23507/geometries?source=195&attributeValue=OAGBK,https://www.marineregions.org/mrgid/23507
10234,Gerlache Strait,Strait,SCAR Composite Gazetteer,standard,10234,-64.5,-62.3333333,,,,,,false,0,,https://www.marineregions.org/mrgid/10234
13406,Gilbert Strait,Strait,SCAR Composite Gazetteer,standard,13406,-63.6333333,-60.2666667,,,,,,false,0,,https://www.marineregions.org/mrgid/13406
5459,Ginevrabotnen,Strait,"(2001). The Times comprehensive atlas of the world. 10th ed. Times Books: London. ISBN 0-7230-0792-6. 67, 220, 124 plates pp.",standard,5459,78.582,20.164,,,,,,true,1,https://www.marineregions.org/mrgid/5459/geometries?source=19&attributeValue=76021830,https://www.marineregions.org/mrgid/5459
16856,Girlo Yasenskoye,Strait,GeoNames,standard,16856,46.25,38.2891667,,,,,,false,0,,https://www.marineregions.org/mrgid/16856
12891,Glacier Strait,Strait,SCAR Composite Gazetteer,standard,12891,-73.4166667,169.4,,,,,,false,0,,https://www.marineregions.org/mrgid/12891
2500,Great Belt,Strait,"(2001). The Times comprehensive atlas of the world. 10th ed. Times Books: London. ISBN 0-7230-0792-6. 67, 220, 124 plates pp.",standard,2500,55.349722222222226,10.998888888888889,,,,,,true,1,https://www.marineregions.org/mrgid/2500/geometries?source=19&attributeValue=71172101,https://www.marineregions.org/mrgid/2500
19276,Haro Strait,Strait,Canadian Geographical Names Database (CGND),standard,19276,48.56833,-123.24139,48.41079,-123.44153,48.78945,-122.96114,"POLYGON ((-123.44153 48.41079, -122.96114 48.41079, -122.96114 48.78945, -123.44153 48.78945, -123.44153 48.41079))",true,1,https://www.marineregions.org/mrgid/19276/geometries?source=195&attributeValue=JANPC,https://www.marineregions.org/mrgid/19276
63376,Hazen Strait,Strait,Canadian Geographical Names Database (CGND),standard,63376,77.02134,-110.36093,76.42853,-112.01649,77.56636,-108.73097,"POLYGON ((-112.01649 76.42853, -108.73097 76.42853, -108.73097 77.56636, -112.01649 77.56636, -112.01649 76.42853))",true,1,https://www.marineregions.org/mrgid/63376/geometries?source=195&attributeValue=LAKGU,https://www.marineregions.org/mrgid/63376
18823,Hecate Strait,Strait,IMIS,standard,18823,53,-131,,,,,,false,0,,https://www.marineregions.org/mrgid/18823
5454,Hinlopenstretet,Strait,"(2001). The Times comprehensive atlas of the world. 10th ed. Times Books: London. ISBN 0-7230-0792-6. 67, 220, 124 plates pp.",standard,5454,79.25,21,,,,,,true,1,https://www.marineregions.org/mrgid/5454/geometries?source=19&attributeValue=75890761,https://www.marineregions.org/mrgid/5454
10431,Huanglong Xia,Strait,SCAR Composite Gazetteer,standard,10431,-69.3683333,76.3683333,,,,,,false,0,,https://www.marineregions.org/mrgid/10431
3619,Hvarski Kanal,Strait,"(2001). The Times comprehensive atlas of the world. 10th ed. Times Books: London. ISBN 0-7230-0792-6. 67, 220, 124 plates pp.",standard,3619,43.2175,16.723055555555554,,,,,,false,0,,https://www.marineregions.org/mrgid/3619
22645,Investigator Strait,Strait,GeoNames,standard,22645,-35.41667,137.16667,,,,,,false,0,,https://www.marineregions.org/mrgid/22645
9484,Issledovateley Strait,Strait,SCAR Composite Gazetteer,standard,9484,-67.6666667,45.75,,,,,,false,0,,https://www.marineregions.org/mrgid/9484
19455,Johnstone Strait,Strait,Wikipedia,standard,19455,50.4667,-126.333,,,,,,false,0,,https://www.marineregions.org/mrgid/19455
3617,Kanal Vela Vreta,Strait,"(2001). The Times comprehensive atlas of the world. 10th ed. Times Books: London. ISBN 0-7230-0792-6. 67, 220, 124 plates pp.",standard,3617,45.17222222222222,14.266388888888889,,,,,,false,0,,https://www.marineregions.org/mrgid/3617
11182,Katsui Strait,Strait,SCAR Composite Gazetteer,standard,11182,-62.0944444,-57.95,,,,,,false,0,,https://www.marineregions.org/mrgid/11182
3737,Kerch Strait,Strait,ASFA thesaurus,standard,3737,45.26638888888889,36.617777777777775,,,,,,false,0,,https://www.marineregions.org/mrgid/3737
17663,Kilakami,Strait,Aphia,standard,17663,8.5,79,,,,,,false,0,,https://www.marineregions.org/mrgid/17663
12051,Kista Strait,Strait,SCAR Composite Gazetteer,standard,12051,-67.5922222,62.8522222,,,,,,false,0,,https://www.marineregions.org/mrgid/12051
10403,Kitano-seto Strait,Strait,SCAR Composite Gazetteer,standard,10403,-69,39.5833333,,,,,,false,0,,https://www.marineregions.org/mrgid/10403
11747,Kitovyy Strait,Strait,SCAR Composite Gazetteer,standard,11747,-67.65,45.9833333,,,,,,false,0,,https://www.marineregions.org/mrgid/11747
3621,Korculanski Kanal,Strait,"(2001). The Times comprehensive atlas of the world. 10th ed. Times Books: London. ISBN 0-7230-0792-6. 67, 220, 124 plates pp.",standard,3621,43.04194444444444,16.82027777777778,,,,,,false,0,,https://www.marineregions.org/mrgid/3621
4320,Korea Strait,Strait,Wikipedia,standard,4320,34.65138888888889,129.04527777777778,,,,,,true,1,https://www.marineregions.org/mrgid/4320/geometries?source=19&attributeValue=111018015,https://www.marineregions.org/mrgid/4320
3614,Kvarneric,Strait,"(2001). The Times comprehensive atlas of the world. 10th ed. Times Books: London. ISBN 0-7230-0792-6. 67, 220, 124 plates pp.",standard,3614,44.69694444444444,14.586388888888889,,,,,,false,0,,https://www.marineregions.org/mrgid/3614
3496,Langelandssund,Strait,Map of the Danish water,standard,3496,55.083036665823,10.806774098043,,,,,,false,0,,https://www.marineregions.org/mrgid/3496
3622,Lastovski Kanal,Strait,"(2001). The Times comprehensive atlas of the world. 10th ed. Times Books: London. ISBN 0-7230-0792-6. 67, 220, 124 plates pp.",standard,3622,42.83638888888889,16.859444444444446,,,,,,false,0,,https://www.marineregions.org/mrgid/3622
3720,Lauwers,Strait,Oosthoek Times Wereldatlas,standard,3720,53.53333333,6.416666666,,,,,,false,0,,https://www.marineregions.org/mrgid/3720
11015,Lewthwaite Strait,Strait,SCAR Composite Gazetteer,standard,11015,-60.6833333,-45.1166667,,,,,,false,0,,https://www.marineregions.org/mrgid/11015
3286,Lister Dyb,Strait,ASFA thesaurus,standard,3286,55.0673,8.4667,,,,,,false,0,,https://www.marineregions.org/mrgid/3286
2501,Little Belt,Strait,"(2001). The Times comprehensive atlas of the world. 10th ed. Times Books: London. ISBN 0-7230-0792-6. 67, 220, 124 plates pp.",standard,2501,55.150277777777774,9.869722222222222,,,,,,true,1,https://www.marineregions.org/mrgid/2501/geometries?source=19&attributeValue=71172100,https://www.marineregions.org/mrgid/2501
4323,Luzon Strait,Strait,Wikipedia,standard,4323,21,122,,,,,,true,1,https://www.marineregions.org/mrgid/4323/geometries?source=19&attributeValue=113573963,https://www.marineregions.org/mrgid/4323
10203,"Magnitologov, proliv",Strait,SCAR Composite Gazetteer,standard,10203,-66.2,101.0333333,,,,,,false,0,,https://www.marineregions.org/mrgid/10203
3714,Marsdiep,Strait,Oosthoek Times Wereldatlas,standard,3714,52.977222222222224,4.754722222222222,,,,,,false,0,,https://www.marineregions.org/mrgid/3714
12893,Matha Strait,Strait,SCAR Composite Gazetteer,standard,12893,-66.55,-67.4333333,,,,,,false,0,,https://www.marineregions.org/mrgid/12893
17723,Matochkin Strait,Strait,Aphia,standard,17723,73.38861,55.21556,,,,,,false,0,,https://www.marineregions.org/mrgid/17723
13636,McFarlane Strait,Strait,SCAR Composite Gazetteer,standard,13636,-62.5166667,-59.9333333,,,,,,false,0,,https://www.marineregions.org/mrgid/13636
5403,Menai Strait,Strait,BIOMARE,standard,5403,53.13333333,-4.2,,,,,,false,0,,https://www.marineregions.org/mrgid/5403
32627,Mermaid Strait,Strait,GeoNames,standard,32627,-20.65066,116.49295,,,,,,false,0,,https://www.marineregions.org/mrgid/32627
11309,Minamino-seto Strait,Strait,SCAR Composite Gazetteer,standard,11309,-69.0333333,39.55,,,,,,false,0,,https://www.marineregions.org/mrgid/11309
14933,Mindoro Strait,Strait,Wikipedia,standard,14933,12.333333,120.666667,,,,,,false,0,,https://www.marineregions.org/mrgid/14933
3623,Mljetski Kanal,Strait,"(2001). The Times comprehensive atlas of the world. 10th ed. Times Books: London. ISBN 0-7230-0792-6. 67, 220, 124 plates pp.",standard,3623,42.801944444444445,17.537222222222223,,,,,,false,0,,https://www.marineregions.org/mrgid/3623
3731,Molengat,Strait,GeoNames,standard,3731,52.98248,4.71287,,,,,,false,0,,https://www.marineregions.org/mrgid/3731
9367,Moraine Strait,Strait,SCAR Composite Gazetteer,standard,9367,-78.2,165.8,,,,,,false,0,,https://www.marineregions.org/mrgid/9367
13916,Morton Strait,Strait,SCAR Composite Gazetteer,standard,13916,-62.6833333,-61.2333333,,,,,,false,0,,https://www.marineregions.org/mrgid/13916
3861,Mytilini Strait,Strait,"(2001). The Times comprehensive atlas of the world. 10th ed. Times Books: London. ISBN 0-7230-0792-6. 67, 220, 124 plates pp.",standard,3861,39.250277777777775,26.552777777777777,,,,,,false,0,,https://www.marineregions.org/mrgid/3861
13647,Nakano-seto Strait,Strait,SCAR Composite Gazetteer,standard,13647,-69.0166667,39.55,,,,,,false,0,,https://www.marineregions.org/mrgid/13647
9432,Nelson Strait,Strait,SCAR Composite Gazetteer,standard,9432,-62.35,-59.2833333,,,,,,false,0,,https://www.marineregions.org/mrgid/9432
13015,Nishino-seto Strait,Strait,SCAR Composite Gazetteer,standard,13015,-69.0166667,39.4833333,,,,,,false,0,,https://www.marineregions.org/mrgid/13015
10139,Normanna Strait,Strait,SCAR Composite Gazetteer,standard,10139,-60.6666667,-45.6333333,,,,,,false,0,,https://www.marineregions.org/mrgid/10139
2498,Northern Belt Sea,Strait,ASFA thesaurus,standard,2498,55.9375,10.704722222222221,,,,,,false,0,,https://www.marineregions.org/mrgid/2498
5461,Olgastretet,Strait,"(2001). The Times comprehensive atlas of the world. 10th ed. Times Books: London. ISBN 0-7230-0792-6. 67, 220, 124 plates pp.",standard,5461,78.546,25.024,,,,,,true,1,https://www.marineregions.org/mrgid/5461/geometries?source=19&attributeValue=76283962,https://www.marineregions.org/mrgid/5461
12930,Orléans Strait,Strait,SCAR Composite Gazetteer,standard,12930,-63.8,-60.1666667,,,,,,false,0,,https://www.marineregions.org/mrgid/12930
4271,Palk Strait,Strait,Wikipedia,standard,4271,9.834722222222222,79.65277777777779,,,,,,true,1,https://www.marineregions.org/mrgid/4271/geometries?source=19&attributeValue=100401202,https://www.marineregions.org/mrgid/4271
2375,Pas de Calais,Strait,Nomenclature des espaces maritimes/List of maritime areas,standard,2375,51.03666666666666,1.548611111111111,49.71788333,0.238905863,51.78156033,2.744909289,"POLYGON ((0.238905863 49.71788333, 2.744909289 49.71788333, 2.744909289 51.78156033, 0.238905863 51.78156033, 0.238905863 49.71788333))",false,0,,https://www.marineregions.org/mrgid/2375
12417,Pendleton Strait,Strait,SCAR Composite Gazetteer,standard,12417,-65.9666667,-66.3666667,,,,,,false,0,,https://www.marineregions.org/mrgid/12417
9418,Penola Strait,Strait,SCAR Composite Gazetteer,standard,9418,-65.1666667,-64.1166667,,,,,,false,0,,https://www.marineregions.org/mrgid/9418
3718,Pinke Gat,Strait,"Gräwe, U.; Flöser, G.; Gerkema, T.; Duran-Matute, M.; Badewien, T.H.; Schulz, E.; Burchard, H. (2016). A numerical model for the entire Wadden Sea: Skill assessment and analysis of hydrodynamics. JGR: Oceans 121: 5231-5251. https://dx.doi.org/10.1002/2016JC011655",standard,3718,53.434306888216,6.0408278546351,,,,,,false,0,,https://www.marineregions.org/mrgid/3718
3551,Piombino Strait,Strait,"(2001). The Times comprehensive atlas of the world. 10th ed. Times Books: London. ISBN 0-7230-0792-6. 67, 220, 124 plates pp.",standard,3551,42.901944444444446,10.46361111111111,,,,,,false,0,,https://www.marineregions.org/mrgid/3551
3669,Porthmos Zakynthou,Strait,"(2001). The Times comprehensive atlas of the world. 10th ed. Times Books: London. ISBN 0-7230-0792-6. 67, 220, 124 plates pp.",standard,3669,37.89138888888889,20.943055555555556,,,,,,false,0,,https://www.marineregions.org/mrgid/3669
10175,Prince Charles Strait,Strait,SCAR Composite Gazetteer,standard,10175,-61.0833333,-54.5833333,,,,,,false,0,,https://www.marineregions.org/mrgid/10175
48990,Qiongzhou Strait,Strait,"Lim, S.-C.; Putchakarn, S.; Thai, M.-Q.; Wang, D.; Huang, Y. M. (2016). Inventory of sponge fauna from the Singapore Strait to Taiwan Strait along the western coastline of the South China Sea. RAFFLES BULLETIN OF ZOOLOGY Supplement. 34: 104-129",standard,48990,20.15,110.266667,,,,,,false,0,,https://www.marineregions.org/mrgid/48990
19445,Queen Charlotte Strait,Strait,Wikipedia,standard,19445,50.8833,-127.35,,,,,,false,0,,https://www.marineregions.org/mrgid/19445
11911,Reynolds Strait,Strait,SCAR Composite Gazetteer,standard,11911,-74.25,-132.1666667,,,,,,false,0,,https://www.marineregions.org/mrgid/11911
5463,Rivalensundet,Strait,"(2001). The Times comprehensive atlas of the world. 10th ed. Times Books: London. ISBN 0-7230-0792-6. 67, 220, 124 plates pp.",standard,5463,78.815,26.739,,,,,,true,1,https://www.marineregions.org/mrgid/5463/geometries?source=19&attributeValue=76349476,https://www.marineregions.org/mrgid/5463
13276,Rogatka Strait,Strait,SCAR Composite Gazetteer,standard,13276,-66.1,101.0833333,,,,,,false,0,,https://www.marineregions.org/mrgid/13276
17842,Saint Lucia Narrows,Strait,Aphia,standard,17842,-28.383329391479,32.41667175293,,,,,,false,0,,https://www.marineregions.org/mrgid/17842
17847,Sapeh Strait,Strait,Aphia,standard,17847,-8.65,119.3,,,,,,false,0,,https://www.marineregions.org/mrgid/17847
32531,Selat Banka,Strait,GeoNames,standard,32531,-2.33333,105.75,,,,,,false,0,,https://www.marineregions.org/mrgid/32531
21608,Selat Duroa,Strait,GeoNames,standard,21608,-5.56667,132.71667,,,,,,false,0,,https://www.marineregions.org/mrgid/21608
32549,Selat Solor,Strait,GeoNames,standard,32549,-8.4173,123.0863,,,,,,false,0,,https://www.marineregions.org/mrgid/32549
19106,Shelikof Strait,Strait,IMIS,standard,19106,57.39778,-154.87167,,,,,,false,0,,https://www.marineregions.org/mrgid/19106
19656,Shpanberg Strait,Strait,"Aagaard, K., A. T. Roach, and J. D. Schumacher (1985), On the wind-driven variability of the flow through Bering Strait, J. Geophys. Res., 90(C4), 7213–7221, doi:10.1029/JC090iC04p07213",standard,19656,62.87666667,-167.06,,,,,,false,0,,https://www.marineregions.org/mrgid/19656
13461,Stefansson Strait,Strait,SCAR Composite Gazetteer,standard,13461,-69.4333333,-62.4166667,,,,,,false,0,,https://www.marineregions.org/mrgid/13461
3712,Steno Antikythiro,Strait,"(2001). The Times comprehensive atlas of the world. 10th ed. Times Books: London. ISBN 0-7230-0792-6. 67, 220, 124 plates pp.",standard,3712,35.698611111111106,23.45638888888889,,,,,,false,0,,https://www.marineregions.org/mrgid/3712
3713,Steno Karpathou,Strait,"(2001). The Times comprehensive atlas of the world. 10th ed. Times Books: London. ISBN 0-7230-0792-6. 67, 220, 124 plates pp.",standard,3713,35.92222222222222,27.5,,,,,,false,0,,https://www.marineregions.org/mrgid/3713
3331,Strait of Bonifacio,Strait,ASFA thesaurus,standard,3331,41.32027777777778,9.120000000000001,,,,,,true,1,https://www.marineregions.org/mrgid/3331/geometries?source=19&attributeValue=62128182,https://www.marineregions.org/mrgid/3331
24620,Strait of Canso,Strait,Canadian Geographical Names Database (CGND),standard,24620,45.626873,-61.385434,,,,,,true,1,https://www.marineregions.org/mrgid/24620/geometries?source=195&attributeValue=CBRJU,https://www.marineregions.org/mrgid/24620
18821,Strait of Georgia,Strait,Wikipedia,standard,18821,49.49965,-124.00274,,,,,,false,0,,https://www.marineregions.org/mrgid/18821
19454,Strait of Georgia,Strait,,deleted,18821,,,,,,,,false,0,,https://www.marineregions.org/mrgid/19454
22705,Strait of Hormuz,Strait,The SeaVoX Salt and Fresh Water Body Gazetteer,standard,22705,,,25.2732354779,55.1647183406,27.3713372504,57.3419319259,"POLYGON ((55.1647183406 25.2732354779, 57.3419319259 25.2732354779, 57.3419319259 27.3713372504, 55.1647183406 27.3713372504, 55.1647183406 25.2732354779))",true,1,https://www.marineregions.org/mrgid/22705/geometries?source=81&attributeValue=STRAIT+OF+HORMUZ,https://www.marineregions.org/mrgid/22705
19456,Strait of Juan de Fuca,Strait,Wikipedia,standard,19456,48.2899,-124.04,,,,,,false,0,,https://www.marineregions.org/mrgid/19456
9024,Strait of Magellan,Strait,Les Watling,standard,9024,-53.34,-70.67,,,,,,false,0,,https://www.marineregions.org/mrgid/9024
3380,Strait of Otranto,Strait,ASFA thesaurus,standard,3380,40.26083333333333,18.97138888888889,,,,,,true,1,https://www.marineregions.org/mrgid/3380/geometries?source=19&attributeValue=62914598,https://www.marineregions.org/mrgid/3380
3382,Strait of Sicily,Strait,Wikipedia,standard,3382,37,12.1,,,,,,false,0,,https://www.marineregions.org/mrgid/3382
3568,Stretto di Messina,Strait,"(2001). The Times comprehensive atlas of the world. 10th ed. Times Books: London. ISBN 0-7230-0792-6. 67, 220, 124 plates pp.",altclass,3568,38.151666666666664,15.601388888888888,,,,,,false,0,,https://www.marineregions.org/mrgid/3568
10583,Styles Strait,Strait,SCAR Composite Gazetteer,standard,10583,-66.85,48.5833333,,,,,,false,0,,https://www.marineregions.org/mrgid/10583
4342,Sumba Strait,Strait,Wikipedia,standard,4342,-9.09083333333333,119.95416666666667,,,,,,true,1,https://www.marineregions.org/mrgid/4342/geometries?source=19&attributeValue=133759044,https://www.marineregions.org/mrgid/4342
4337,Sunda Strait,Strait,Wikipedia,standard,4337,-5.91861111111111,105.85972222222222,,,,,,true,1,https://www.marineregions.org/mrgid/4337/geometries?source=19&attributeValue=130744409,https://www.marineregions.org/mrgid/4337
4324,Tatar Strait,Strait,Wikipedia,standard,4324,52.20703125,141.591796875,,,,,,false,0,,https://www.marineregions.org/mrgid/4324
20851,Texelstroom,Strait,"Mosdiertjes / Bryozoa, Hans De Blauwe",standard,20851,53.03333,4.88333,,,,,,false,0,,https://www.marineregions.org/mrgid/20851
3236,The Solent,Strait,ASFA thesaurus,standard,3236,50.780833333333334,-1.33722222222222,50.65532705,-1.789142893,50.94092477,-0.807473241,"POLYGON ((-1.789142893 50.65532705, -0.807473241 50.65532705, -0.807473241 50.94092477, -1.789142893 50.94092477, -1.789142893 50.65532705))",false,0,,https://www.marineregions.org/mrgid/3236
4362,Torres Strait,Strait,Wikipedia,standard,4362,-9.91194444444444,142.19472222222223,,,,,,true,1,https://www.marineregions.org/mrgid/4362/geometries?source=19&attributeValue=144769115,https://www.marineregions.org/mrgid/4362
33631,Tsugaru Strait,Strait,Wikipedia,standard,33631,41.499167,140.615833,,,,,,false,0,,https://www.marineregions.org/mrgid/33631
19116,Unimak Pass,Strait,Wikimapia,standard,19116,54.33361,-164.92056,,,,,,false,0,,https://www.marineregions.org/mrgid/19116
48645,Uraga Channel,Strait,GeoNames,standard,48645,35.19822,139.76772,,,,,,false,0,,https://www.marineregions.org/mrgid/48645
13849,"Uzkij, proliv",Strait,SCAR Composite Gazetteer,standard,13849,-66.2833333,110.5,,,,,,false,0,,https://www.marineregions.org/mrgid/13849
3615,Velebetski Kanal,Strait,"(2001). The Times comprehensive atlas of the world. 10th ed. Times Books: London. ISBN 0-7230-0792-6. 67, 220, 124 plates pp.",standard,3615,44.53361111111111,15.035277777777777,,,,,,false,0,,https://www.marineregions.org/mrgid/3615
3620,Viski Kanal,Strait,"(2001). The Times comprehensive atlas of the world. 10th ed. Times Books: London. ISBN 0-7230-0792-6. 67, 220, 124 plates pp.",standard,3620,43.11888888888889,16.31361111111111,,,,,,false,0,,https://www.marineregions.org/mrgid/3620
13068,Washington Strait,Strait,SCAR Composite Gazetteer,standard,13068,-60.7,-44.9166667,,,,,,false,0,,https://www.marineregions.org/mrgid/13068
3730,Westgat,Strait,Oosthoek Times Wereldatlas,standard,3730,53.46277777777778,6.094722222222222,,,,,,false,0,,https://www.marineregions.org/mrgid/3730
11157,White Strait,Strait,SCAR Composite Gazetteer,standard,11157,-78.2166667,166.8,,,,,,false,0,,https://www.marineregions.org/mrgid/11157
19274,"Yucatán, Canal de",Strait,Wikipedia,standard,19274,21.75,-85.75,,,,,,false,0,,https://www.marineregions.org/mrgid/19274
3616,Zadarski Canal,Strait,"(2001). The Times comprehensive atlas of the world. 10th ed. Times Books: London. ISBN 0-7230-0792-6. 67, 220, 124 plates pp.",standard,3616,44.055277777777775,15.267222222222223,,,,,,false,0,,https://www.marineregions.org/mrgid/3616
15689,Керченский пр.,Strait,GIS meteorology of Azov and Black Seas author Vladimir Belokopytov MhI NAS Ukraine email:belo(at)vip.sevsky.net,standard,15689,45.3388889,36.6169444,,,,,,false,0,,https://www.marineregions.org/mrgid/15689
15695,Кинбурнский пр.,Strait,GIS meteorology of Azov and Black Seas author Vladimir Belokopytov MhI NAS Ukraine email:belo(at)vip.sevsky.net,standard,15695,46.355000000000004,31.293,,,,,,false,0,,https://www.marineregions.org/mrgid/15695
15733,Ложный Босфор,Strait,GIS meteorology of Azov and Black Seas author Vladimir Belokopytov MhI NAS Ukraine email:belo(at)vip.sevsky.net,standard,15733,41.217,28.386,,,,,,false,0,,https://www.marineregions.org/mrgid/15733
16107,Чонгарский пр.,Strait,GIS meteorology of Azov and Black Seas author Vladimir Belokopytov MhI NAS Ukraine email:belo(at)vip.sevsky.net,standard,16107,45.597,34.344,,,,,,false,0,,https://www.marineregions.org/mrgid/16107
16451,пр.Бол.Джигирк,Strait,GIS meteorology of Azov and Black Seas author Vladimir Belokopytov MhI NAS Ukraine email:belo(at)vip.sevsky.net,standard,16451,46.2828,32.1961,,,,,,false,0,,https://www.marineregions.org/mrgid/16451
16024,пр.Босфор,Strait,GIS meteorology of Azov and Black Seas author Vladimir Belokopytov MhI NAS Ukraine email:belo(at)vip.sevsky.net,standard,16024,40.592,28.580000000000002,,,,,,false,0,,https://www.marineregions.org/mrgid/16024
16396,пр.Желоб,Strait,GIS meteorology of Azov and Black Seas author Vladimir Belokopytov MhI NAS Ukraine email:belo(at)vip.sevsky.net,standard,16396,46.2784,32.1918,,,,,,false,0,,https://www.marineregions.org/mrgid/16396
16025,пр.Тонкий,Strait,GIS meteorology of Azov and Black Seas author Vladimir Belokopytov MhI NAS Ukraine email:belo(at)vip.sevsky.net,standard,16025,46.0945,34.495,,,,,,false,0,,https://www.marineregions.org/mrgid/16025
